lon,lat,object_id,mat_type,mat_tech,mat_prop,llrs,llrs_duct,height,height_1,yr_built,occupy,occupy_dt,str_irreg,str_irreg_dt,str_irreg_type,roof_shape,roofcovmat,roofsysmat,roofsystyp,roof_conn,floor_mat,floor_type,floor_conn,position,plan_shape
7.92112519631482,48.9146320083541,21069,MCF,RW,MO99,LO,DU99,H,1.0,YAPP,RES,RES1,IRRE,IRP99,IRN,RSH4,RMT1,RSM99,RWO1,RTDP,FW,FW1,FWCN,BP1,PLFR
7.92277119382317,48.9143046199579,21123,MUR,ST99,MOC,LO,DU99,H,2.0,YAPP,RES,RES1,IRRE,IRP99,IRN,RSH4,RMT1,RWO,RWO1,RTDP,FC,FT99,FWCP,BPD,PLFR
7.92285677967441,48.9130889576228,21164,MUR,MUN99,MO99,LO,DU99,H,1.0,YAPP,RES,RES1,IRRE,IRP99,IRT99,RSH2,RMT1,RWO,RWO1,RTDP,FC,FC99,FWC99,BPD,PLFR
7.92359542834109,48.9139405357348,21193,MUR,MUN99,MO99,LO,DU99,H,2.0,Y99,OC99,OCCDT99,IRIR,IRVP,POP,RSH4,RMT1,RWO,RWO1,RTDP,FW,FW1,FWCP,BP99,PLF99
7.94880375,48.92214725,21210,MUR,MO,MO99,LO,DU99,H,2.0,YAPP,RES,RES1,IRRE,IRP99,IRN,RSH4,RMT1,RWO,RWO1,RTDP,FC,FC1,FWC99,BPD,PLFR
7.94972154809931,48.9235217197087,21217,MUR,MO,MO99,LO,DU99,H,1.0,YAPP,RES,RES1,IRRE,IRP99,IRN,RSH2,RMT1,RWO,RWO1,RTDP,FC,FT99,FWC99,BP1,PLFR
7.95006928492759,48.923995743524,21218,MUR,MUN99,MO99,LO,DU99,H,1.0,YAPP,RES,RES1,IRRE,IRP99,IRN,RSH2,RMT1,RWO,RWO1,RTDP,FC,FC1,FWC99,BP1,PLFR
7.94929685292832,48.9226967503368,21301,MUR,MO,MO99,LO,DU99,H,1.0,YAPP,RES,RES1,IRRE,IRP99,IRN,RSH4,RMT1,RWO,RWO1,RTDP,FC,FC1,FWC99,BPD,PLFR
7.94879771562604,48.921995164558,21302,MUR,CLBRS,MO99,LO,DU99,H,1.0,Y99,IND,IND2,IRRE,IRP99,IRN,RSH2,RMT1,RWO,RWO1,RCN99,FC,FC1,FWC99,BPD,PLFR
7.9501344213108,48.9239305548297,21307,MR,RW,MO99,LO,DU99,H,1.0,Y99,RES,RES1,IRRE,IRP99,IRN,RSH4,RMT1,RWO,RWO1,RTDP,FC,FC1,FWC99,BP1,PLFR
7.94653670477118,48.9244015177793,21335,MUR,MO,MO99,LO,DU99,H,2.0,YAPP,RES,RES1,IRRE,IRP99,IRN,RSH4,RMT1,RWO,RWO1,RTDP,FW,FW1,FWC99,BP1,PLFR
7.94484315919904,48.9241558012253,21382,MUR,CLBRS,MO99,LO,DU99,H,1.0,YAPP,VAC,OCCDT99,IRRE,IRP99,IRN,RSH2,RMT1,RWO,RWO1,RTDN,FC,FC1,FWC99,BP1,PLFR
7.94505848118806,48.9243063403198,21437,MUR,MUN99,MO99,LO,DU99,H,2.0,Y99,RES,RES1,IRIR,IRVP,IRT99,RSH4,RMT1,RWO,RWO1,RTDP,FW,FW1,FWC99,BPD,PLFR
7.95006517315056,48.924678892454,21459,C99,CIP,MOC,LO,DU99,H,2.0,YAPP,RES,RES1,IRRE,IRP99,IRN,RSH3,RMT1,RWO,RWO1,RTDP,FC,FC1,FWCP,BPD,PLFR
7.94824679780126,48.9233364550642,21463,MUR,CLBRS,MO99,LO,DU99,H,2.0,YBET,RES,OCCDT99,IRRE,IRP99,IRN,RSH2,RMT1,RWO,RWO1,RTDN,FW,FW1,FWCN,BP1,PLFR
7.94401687765668,48.9248604897669,21473,MUR,CLBRH,MOCL,LN,DNO,H,1.0,YAPP,IND,IND2,IRRE,IRP99,IRN,RSH5,RMT7,RWO,RWO1,RTDN,FC,FC1,FWCN,BP1,PLFR
7.94223755,48.92376675,21485,W,W99,MON,LN,DNO,H,1.0,Y99,AGR,OCCDT99,IRRE,IRP99,IRN,RSH2,RMT1,RWO,RWO1,RTDN,FE,FT99,FWC99,BPD,PLFR
7.94212675,48.923912,21490,W,WO,MON,LN,DNO,H,1.0,YAPP,AGR,OCCDT99,IRRE,IRP99,IRN,RSH2,RMT7,RWO,RWO1,RTDN,FE,FE99,FWCN,BPD,PLFR
7.94401909469235,48.9246125551492,21528,MUR,MO,MO99,LO,DU99,H,1.0,YAPP,IND,OCCDT99,IRRE,IRP99,IRN,RSH2,RMT7,RWO,RWO1,RTDN,F99,FT99,FWC99,BPD,PLFR
7.94244449111202,48.9246257531154,21540,C99,CIP,MON,LO,DU99,H,2.0,YAPP,RES,OCCDT99,IRRE,IRP99,IRN,RSH3,RMT1,RWO,RWO1,RTDP,FC,FC1,FWC99,BPD,PLFR
7.94140674880681,48.9275653599927,21632,CU,CBH,MOC,LN,DNO,H,1.0,Y99,IND,COM2,IR99,IRP99,IRT99,RSH2,RMT1,RWO,RWO1,RTDN,F99,FT99,FWCN,BP2,PLFR
7.94254343800049,48.9276059710538,21637,MUR,MO,MO99,LO,DU99,H,2.0,YAPP,RES,RES1,IRRE,IRP99,IRN,RSH4,RMT1,RWO,RWO1,RTDP,FW,FW1,FWC99,BPD,PLFR
7.94387707187304,48.9282832461024,21686,MUR,MO,MO99,LO,DU99,H,2.0,YAPP,RES,RES1,IRRE,IRP99,IRN,RSH4,RMT1,RWO,RWO1,RTDP,FW,FW1,FWC99,BPD,PLFR
7.9433211527379,48.9280688528428,21695,MUR,CLBRS,MOC,LO,DU99,H,2.0,YAPP,IND,OCCDT99,IRRE,IRP99,IRN,RSH2,RMT1,RWO,RWO1,RTDP,FC,FC2,FWCP,BP3,PLFR
7.94263365122163,48.9286587028943,21714,MUR,CLBRH,MOC,LH,DU99,H,2.0,Y99,RES,OCCDT99,IRIR,IRPP,TOR,RSH2,RMT1,RWO,RWO1,RTDP,FC,FC2,FWCP,BPD,PLFL
7.94396116024517,48.9304779062455,21716,MAT99,MATT99,MO99,L99,DU99,H99,99.0,Y99,OC99,OCCDT99,IR99,IRP99,IRT99,R99,RMT99,RSM99,RST99,RCN99,F99,FT99,FWC99,BP99,PLF99
7.94283984271918,48.9296200802513,21721,MUR,MO,MO99,LO,DU99,H,2.0,YAPP,RES,OCCDT99,IRRE,IRP99,IRN,RSH2,RMT1,RWO,RWO1,RTD99,F99,FT99,FWC99,BP3,PLFR
7.94342863361639,48.9288680027916,21766,MCF,RW,MOCL,LH,DU99,H,1.0,YAPP,VAC,OCCDT99,IRRE,IRP99,IRN,RSH2,RMT7,RWO,RWO1,RTDN,FN,FT99,FWC99,BP1,PLFR
7.94239571328096,48.9293762979865,21767,MUR,MUN99,MO99,LO,DU99,H,2.0,YAPP,RES,RES1,IRRE,IRP99,IRN,RSH4,RMT1,RWO,RWO1,RCN99,FW,FW1,FWC99,BP1,PLFR
7.94347639088645,48.929196690008,21784,MR,RW,MO99,LH,DU99,H,3.0,YAPP,RES,RES1,IRRE,IRP99,IRN,RSH4,RMT1,RSM99,RWO1,RTDP,FW,FW1,FWCN,BP1,PLFR
7.94469551360205,48.9287544941464,21788,MUR,MUN99,MATP99,LO,DNO,H,1.0,YAPP,IND,COM2,IRRE,IRP99,IRN,RSH2,RMT1,RWO,RWO1,RTDN,FN,FT99,FWC99,BP2,PLFR
7.93910474160978,48.928857795213,21830,C99,CIP,MO99,LO,DUC,H,2.0,YAPP,RES,RES1,IRRE,IRP99,IRN,RSH3,RMT1,RWO,RWO1,RTDP,FC,FC1,FWCP,BPD,PLFR
7.94050985820348,48.9279372455526,21859,MUR,CLBRS,MOC,LO,DU99,H,1.0,YAPP,RES,OCCDT99,IRRE,IRP99,IRN,RSH2,RMT1,RWO,RWO1,RTDN,FN,FT99,FWC99,BP2,PLFR
7.9401635,48.93058975,21863,C99,CIP,MON,LO,DU99,H,1.0,YAPP,RES,RES1,IRRE,IRP99,IRN,RSH4,RMT1,RWO,RWO1,RTDP,FN,FT99,FWC99,BPD,PLFR
7.939125,48.928474,21874,MUR,MUN99,MO99,LO,DU99,H,2.0,YAPP,RES,RES1,IRRE,IRP99,IRN,RSH2,RMT1,RWO,RWO1,RTDP,FW,FW1,FWCP,BPD,PLFR
7.94183704248948,48.9303238051032,21968,MR,RW,MO99,LH,DU99,H,1.0,YAPP,IND,COM2,IRRE,IRP99,IRN,RSH2,RMT1,RWO,RWO1,RTDN,FN,FT99,FWC99,BP2,PLFR
7.9422989,48.93073725,22032,MCF,RW,MO99,LH,DU99,H,3.0,YAPP,RES,RES1,IRRE,IRP99,IRN,RSH2,RMT7,RWO,RWO1,RTDP,FW,FW1,FWCN,BPD,PLFR
7.93416715422005,48.9310692411784,22037,MR,RW,MO99,LH,DU99,H,2.0,YAPP,MIX,MIX1,IRRE,IRP99,IRN,RSH2,RMT7,RWO,RWO1,RTDP,FC,FC1,FWCP,BPD,PLFP
7.94267755,48.9305885,22053,MUR,CLBRS,MOCL,LN,DNO,H,1.0,YAPP,VAC,OCCDT99,IRRE,IRP99,IRN,R99,RMT99,RSM99,RST99,RCN99,F99,FT99,FWC99,BP2,PLFR
7.94126225,48.9311339,22062,MAT99,MATT99,MO99,L99,DU99,H99,99.0,Y99,OC99,OCCDT99,IR99,IRP99,IRT99,R99,RMT99,RSM99,RST99,RCN99,F99,FT99,FWC99,BP99,PLF99
7.9370673264561,48.9299134612174,22109,C99,CIP,MON,LO,DUC,H,2.0,YAPP,RES,RES1,IRRE,IRP99,IRN,RSH2,RMT1,RWO,RWO1,RTDP,FC,FC2,FWCP,BPD,PLFR
7.94351335011425,48.9309935979268,22174,MAT99,MATT99,MO99,L99,DU99,H99,99.0,Y99,OC99,OCCDT99,IR99,IRP99,IRT99,R99,RMT99,RSM99,RST99,RCN99,F99,FT99,FWC99,BP99,PLF99
7.94412662869198,48.930777964557,22180,MAT99,MATT99,MO99,L99,DU99,H99,99.0,Y99,OC99,OCCDT99,IR99,IRP99,IRT99,R99,RMT99,RSM99,RST99,RCN99,F99,FT99,FWC99,BP99,PLF99
7.94405965,48.9313693,22200,MAT99,MATT99,MO99,L99,DU99,H99,99.0,Y99,OC99,OCCDT99,IR99,IRP99,IRT99,R99,RMT99,RSM99,RST99,RCN99,F99,FT99,FWC99,BP99,PLF99
7.94370599173687,48.9309947850085,22218,MUR,CLBRS,MOC,LO,DU99,H,1.0,YAPP,RES,OCCDT99,IRRE,IRP99,IRN,RSH2,RMT7,RWO,RWO1,RTD99,FN,FT99,FWC99,BP1,PLFR
7.94428349323152,48.9316074160914,22226,MUR,MUN99,MO99,LO,DU99,H,1.0,YAPP,RES,RES1,IRRE,IRP99,IRN,RSH2,RMT1,RWO,RWO1,RTDP,FW,FW1,FWCN,BP1,PLFR
7.943518112415,48.9310337255581,22227,MR,RW,MO99,LH,DU99,H,2.0,YAPP,RES,RES1,IRRE,IRP99,IRN,RSH2,RMT1,RWO,RWO1,RTDP,FW,FW1,FWC99,BP1,PLFR
7.94305182494895,48.9308963634787,22244,C99,CIP,MON,LO,DUC,H,2.0,YAPP,RES,RES1,IRRE,IRP99,IRN,RSH4,RMT1,RWO,RWO1,RTDP,FC,FC1,FWCP,BPD,PLFR
7.91125675,48.9339921,22303,C99,CIP,MON,LO,DUC,H,2.0,YAPP,RES,RES1,IRRE,IRP99,IRN,RSH2,RMT7,RWO,RWO1,RTDP,FC,FC1,FWCP,BPD,PLFR
7.91014325,48.93651,22331,S,SL,SC99,LO,DNO,H,1.0,YAPP,VAC,IND2,IRRE,IRP99,IRN,RSH2,RMT6,RME,RME1,RTDN,FN,FT99,FWC99,BPD,PLFR
7.91208137249617,48.9370077579809,22341,MUR,CLBRS,MOCL,LO,DU99,H,2.0,YAPP,RES,OCCDT99,IRRE,IRP99,IRN,RSH2,RMT1,RWO,RWO1,RTDN,FW,FW1,FWCN,BPD,PLFR
7.916402539599,48.9365377757904,22355,C99,CIP,MON,LO,DUC,H,2.0,YAPP,RES,RES1,IRRE,IRP99,IRN,RSH2,RMT1,RWO,RWO1,RTDP,FC,FC1,FWCP,BPD,PLFR
7.91644275,48.93517895,22365,C99,CIP,MON,LO,DUC,H,2.0,YAPP,RES,RES1,IRRE,IRP99,IRN,RSH3,RMT1,RWO,RWO1,RTDP,FC,FC2,FWCP,BPD,PLFR
7.91268774426075,48.9372469849468,22385,MR,RW,MOCL,LO,DU99,H,2.0,YAPP,RES,OCCDT99,IRIR,IRVP,IRVO,RSH2,RMT1,RWO,RWO1,RTDN,FW,FW1,FWCN,BP2,PLFR
7.91164562403009,48.936868778039,22424,C99,CIP,MON,LO,DU99,H,1.0,Y99,RES,OCCDT99,IRRE,IRP99,IRN,RSH2,RMT1,RC,RC1,RTDP,FN,FT99,FWC99,BPD,PLFR
7.91061643965927,48.936175918919,22458,M99,RW,MO99,LH,DU99,H,2.0,YAPP,RES,RES1,IRRE,IRP99,IRN,RSH3,RMT1,RWO,RWO1,RTDN,FW,FW1,FWCN,BP1,PLFR
7.91013633052116,48.9373386444546,22461,MR,RW,MO99,LO,DU99,H,1.0,YAPP,AGR,OCCDT99,IRRE,IRP99,IRN,RSH2,RMT1,RWO,RWO1,RTDN,FN,FT99,FWC99,BP1,PLFRO
7.90992218350234,48.9371605727413,22470,C99,CIP,MON,LO,DUC,H,2.0,YAPP,RES,RES1,IRRE,IRP99,IRN,RSH4,RMT1,RWO,RWO1,RTDP,FC,FC1,FWCP,BP1,PLFR
7.91034744665175,48.9369188198873,22490,MR,RW,MO99,LH,DU99,H,2.0,Y99,OC99,OCCDT99,IRRE,IRP99,IRN,RSH2,RMT1,RWO,RWO1,RTDN,FW,FW1,FWCN,BP2,PLFR
7.91288192007913,48.936345727636,22511,MAT99,MATT99,MO99,L99,DU99,H99,99.0,Y99,OC99,OCCDT99,IR99,IRP99,IRT99,R99,RMT99,RSM99,RST99,RCN99,F99,FT99,FWC99,BP99,PLF99
7.9078734881386,48.9367548076404,22548,MUR,CLBRS,MO99,LO,DU99,H,2.0,YAPP,RES,RES1,IRRE,IRP99,IRN,RSH2,RMT1,RWO,RWO1,RTDP,FC,FC1,FWC99,BPD,PLFR
7.91251030455365,48.9377670042636,22567,MUR,MO,MO99,LO,DU99,H,2.0,YAPP,RES,RES2,IRRE,IRP99,IRN,RSH4,RMT1,RWO,RWO1,RCN99,FW,FW1,FWC99,BP1,PLFR
7.90961792495403,48.9367510711327,22571,MUR,MUN99,MO99,LO,DU99,H,1.0,YAPP,RES,RES1,IRRE,IRP99,IRN,RSH2,RMT1,RWO,RWO1,RTD99,FN,FT99,FWC99,BP2,PLFR
7.91195502448641,48.9357650379251,22577,MUR,MUN99,MO99,LO,DU99,H,2.0,YAPP,COM,COM5,IRRE,IRP99,IRN,RSH2,RMT1,RWO,RWO1,RTDP,FW,FW1,FWC99,BP1,PLFR
7.91273606694675,48.9379691915071,22582,MR,RW,MO99,LH,DU99,H,2.0,Y99,RES,RES1,IRRE,IRP99,IRN,RSH2,RMT1,RWO,RWO1,RTDN,FW,FW1,FWCN,BP1,PLFR
7.91326322249393,48.9380545060529,22589,MAT99,MATT99,MO99,L99,DU99,H99,99.0,Y99,OC99,OCCDT99,IR99,IRP99,IRT99,R99,RMT99,RSM99,RST99,RCN99,F99,FT99,FWC99,BP99,PLF99
7.91137127245035,48.9336713679755,22607,MUR,ST99,MO99,LO,DU99,H,1.0,YAPP,RES,RES1,IRRE,IRP99,IRN,RSH4,RMT1,RWO,RWO1,RTDP,FW,FW1,FWCN,BPD,PLFR
7.90755646899739,48.9367244675871,22616,C99,CIP,MON,LO,DUC,H,2.0,YAPP,RES,RES1,IRRE,IRP99,IRN,RSH3,RMT1,RWO,RWO1,RTDP,FC,FC1,FWCP,BPD,PLFR
7.890976464611,48.9307519044107,22648,C99,CIP,MON,LO,DUC,H,3.0,YAPP,RES,RES2,IRRE,IRP99,IRN,RSH3,RMT1,RWO,RWO1,RTDP,FC,FC2,FWCP,BPD,PLFR
7.87803396758507,48.9321711310593,22679,MUR,MUN99,MO99,LO,DU99,H,1.0,YAPP,RES,RES1,IRRE,IRP99,IRN,RSH4,RMT1,RWO,RWO1,RTD99,FW,FW1,FWC99,BPD,PLFP
7.88397655413546,48.9368474400785,22698,MUR,MUN99,MO99,LO,DU99,H,2.0,YAPP,MIX,MIX1,IRIR,IRPP,TOR,RSH3,RMT1,RWO,RWO1,RTDP,FW,FW1,FWC99,BP1,PLFRO
7.88654704618692,48.9371275712102,22722,MUR,MUN99,MO99,LO,DU99,H,2.0,YAPP,RES,RES1,IRRE,IRP99,IRN,RSH4,RMT1,RWO,RWO1,RTDP,FW,FW1,FWC99,BP1,PLFR
7.8853485,48.933264,22758,MUR,MUN99,MO99,LO,DU99,H,2.0,YAPP,RES,RES1,IRRE,IRP99,IRN,RSH4,RMT1,RWO,RWO1,RTDP,FC,FC1,FWCP,BPD,PLFR
7.90959566252489,48.9258042545904,22769,C99,CIP,MON,LO,DUC,H,2.0,YAPP,RES,RES1,IRRE,IRP99,IRN,RSH3,RMT1,RC,RC1,RTDP,FC,FC1,FWCP,BPD,PLFP
7.88485342877208,48.932670381299,22790,CR,CIP,MON,LFINF,DUC,H,2.0,YAPP,RES,RES2,IRRE,IRP99,IRN,RSH1,RMTO,RC,RC2,RWCP,FC,FC2,FWCP,BP1,PLFR
7.89488060654411,48.9296672977108,22825,CR,CIP,MON,LFINF,DUC,H,2.0,YAPP,GOV,GOV99,IRIR,IRPP,TOR,RSH1,RMTO,RC,RC2,RWCP,FC,FC2,FWCP,BP1,PLFP
7.89661099949571,48.9298825761232,22876,S,S99,SC99,LO,DUC,H,1.0,YAPP,IND,IND2,IRRE,IRP99,IRN,RSH1,RMT6,RME,RME1,RCN99,FN,FT99,FWC99,BPD,PLFP
7.87876229922992,48.9335090759076,22892,W,WLI,MON,LO,DNO,H,1.0,YAPP,RES,COM7,IRRE,IRP99,IRN,RSH2,RMT7,RWO,RWO1,RTDN,FN,FT99,FWC99,BPD,PLFR
7.88143013405212,48.9384391418024,22967,MAT99,MATT99,MO99,L99,DU99,H99,99.0,Y99,OC99,OCCDT99,IR99,IRP99,IRT99,R99,RMT99,RSM99,RST99,RCN99,F99,FT99,FWC99,BP99,PLF99
7.89088041677707,48.9433896498418,22969,MAT99,MATT99,MO99,L99,DU99,H99,99.0,Y99,OC99,OCCDT99,IR99,IRP99,IRT99,R99,RMT99,RSM99,RST99,RCN99,F99,FT99,FWC99,BP99,PLF99
7.87726222978368,48.9409176621822,22980,C99,CIP,MON,LO,DUC,H,1.0,YAPP,RES,RES1,IRRE,IRP99,IRN,RSH3,RMT1,RWO,RWO1,RTDP,FC,FC1,FWCP,BPD,PLFR
7.9067035,48.924414,22989,MUR,MUN99,MO99,LO,DU99,H,1.0,YAPP,RES,RES1,IRRE,IRP99,IRN,RSH2,RMT1,RWO,RWO1,RTDN,FN,FT99,FWC99,BP2,PLFR
7.88391876284732,48.9364695857262,23048,MR,RW,MO99,LH,DU99,H,1.0,YAPP,COM,MIX1,IRRE,IRP99,IRN,RSH2,RMT1,RWO,RWO1,RCN99,FW,FW1,FWC99,BP2,PLFR
7.8832859122807,48.9370737675439,23059,MUR,MUN99,MO99,LO,DU99,H,1.0,YAPP,RES,OCCDT99,IRRE,IRP99,IRN,RSH2,RMT7,RWO,RWO1,RTDN,FN,FT99,FWC99,BP1,PLFR
7.89035873905378,48.9370801106115,23108,MUR,MUN99,MO99,LO,DU99,H,2.0,YAPP,RES,RES1,IRRE,IRP99,IRN,RSH2,RMT1,RWO,RWO1,RTDP,FC,FC1,FWCP,BPD,PLFR
7.8757932244898,48.9340540408163,23140,MUR,MUN99,MO99,LO,DU99,H,1.0,YAPP,RES,RES1,IRRE,IRP99,IRN,RSH2,RMT1,RWO,RWO1,RTD99,FN,FT99,FWC99,BP1,PLFR
7.8750742801892,48.9387512860788,23160,MUR,MUN99,MO99,LO,DU99,H,1.0,YAPP,RES,RES1,IRIR,IRPP,TOR,RSH3,RMT1,RWO,RWO1,RTDN,FN,FT99,FWC99,BPD,PLFR
7.87624160308755,48.9389082626447,23197,MR,RW,MOC,LH,DU99,H,2.0,YAPP,RES,RES1,IRRE,IRP99,IRN,RSH2,RMT1,RWO,RWO1,RTDP,FW,FW1,FWCN,BP1,PLFR
7.9056953318172,48.9268175315862,23203,MUR,CL99,MOC,LH,DU99,H,2.0,YAPP,RES,RES1,IRRE,IRP99,IRN,RSH2,RMT1,RWO,RWO1,RTDP,FC,FC2,FWCP,BPD,PLFR
7.88121797117268,48.9417555331654,23232,CU,CB99,MOC,LO,DU99,H,1.0,YAPP,RES,COM7,IRRE,IRP99,IRN,RSH2,RMT1,RWO,RWO1,RTDP,FN,FT99,FWC99,BPD,PLFR
7.88516820924579,48.939032452627,23240,C99,CIP,MON,LFINF,DUC,H,2.0,YAPP,MIX,MIX1,IRRE,IRP99,IRN,RSH3,RMT1,RWO,RWO1,RTDP,FC,FC2,FWCP,BPD,PLFU
7.87991254680084,48.9402711736599,23252,MAT99,MATT99,MO99,L99,DU99,H99,99.0,Y99,OC99,OCCDT99,IR99,IRP99,IRT99,R99,RMT99,RSM99,RST99,RCN99,F99,FT99,FWC99,BP99,PLF99
7.88589347278288,48.9384316685015,23262,MUR,MUN99,MO99,LO,DU99,H,2.0,YAPP,RES,RES1,IRRE,IRP99,IRN,RSH4,RMT1,RWO,RWO1,RTDP,FW,FW1,FWC99,BPD,PLFRO
7.8719025,48.940887,23280,CR,CIP,MON,LFINF,DUC,H,1.0,YAPP,RES,COM7,IRRE,IRP99,IRN,RSH3,RMT1,RC,RC2,RTDP,FN,FT99,FWC99,BPD,PLFR
7.9026595,48.924636,23283,MUR,MUN99,MO99,LO,DU99,H,1.0,YAPP,RES,RES1,IRRE,IRP99,IRN,RSH2,RMT1,RWO,RWO1,RCN99,FN,FT99,FWC99,BPD,PLFR
7.88701967258602,48.9361606945224,23342,MUR,CLBRS,MOCL,LO,DU99,H,1.0,YAPP,RES,OCCDT99,IRRE,IRP99,IRN,RSH2,RMT1,RWO,RWO1,RCN99,FN,FT99,FWC99,BP2,PLFR
7.90251183007974,48.9253647042741,23364,C99,CIP,MON,LFINF,DUC,H,2.0,YAPP,RES,RES1,IRRE,IRP99,IRN,RSH3,RMT1,RWO,RWO1,RTDP,FC,FC2,FWCP,BPD,PLFR
7.88285673428332,48.9412602595697,23383,MUR,MUN99,MO99,LO,DU99,H,1.0,YAPP,RES,COM7,IRRE,IRP99,IRN,RSH1,RMT6,RME,RME1,RTDN,FN,FT99,FWC99,BPD,PLFR
7.885577,48.933081,23399,C99,CIP,MON,LH,DUC,H,2.0,YAPP,RES,RES1,IRRE,IRP99,IRN,RSH3,RMT1,RWO,RWO1,RTDP,FC,FC2,FWCP,BPD,PLFR
7.8920435,48.935915,23407,MUR,MUN99,MO99,LH,DU99,H,2.0,YAPP,RES,RES2A,IRRE,IRP99,IRN,RSH4,RMT1,RWO,RWO1,RTD99,FC,FC1,FWCP,BPD,PLFR
7.87518040633484,48.9423642606335,23422,MUR,MUN99,MO99,LO,DU99,H,2.0,YAPP,RES,RES1,IRRE,IRP99,IRN,RSH4,RMT1,RWO,RWO1,RTDP,FW,FW1,FWC99,BP1,PLFR
7.88724568690026,48.9317374879092,23447,C99,CIP,MON,LO,DU99,H,2.0,YAPP,RES,RES1,IRRE,IRP99,IRN,RSH3,RMT1,RWO,RWO1,RTDP,FC,FC1,FWCP,BPD,PLFR
7.88296003300077,48.9381933701714,23494,MAT99,MATT99,MO99,L99,DU99,H99,99.0,Y99,OC99,OCCDT99,IR99,IRP99,IRT99,R99,RMT99,RSM99,RST99,RCN99,F99,FT99,FWC99,BP99,PLF99
7.880218,48.934032,23499,MAT99,MATT99,MO99,L99,DU99,H99,99.0,Y99,OC99,OCCDT99,IR99,IRP99,IRT99,R99,RMT99,RSM99,RST99,RCN99,F99,FT99,FWC99,BP99,PLF99
7.88402629775431,48.9373704305444,23502,MUR,MUN99,MO99,LO,DU99,H,2.0,YAPP,RES,MIX1,IRRE,IRP99,IRN,RSH3,RMT1,RWO,RWO1,RCN99,FW,FW1,FWC99,BP2,PLFR
7.87654468830767,48.9416968395616,23538,MUR,MUN99,MO99,LO,DU99,H,2.0,YAPP,RES,RES1,IRRE,IRP99,IRN,RSH4,RMT1,RWO,RWO1,RCN99,FW,FW1,FWC99,BPD,PLFR
7.87657579189687,48.9330039597474,23555,MUR,MUN99,MO99,LO,DU99,H,1.0,YAPP,RES,RES1,IRRE,IRP99,IRN,RSH5,RMT1,RWO,RWO1,RTDP,FN,FT99,FWC99,BPD,PLFR
7.87648743933441,48.9392637977043,23563,MR,RW,MO99,LH,DU99,H,2.0,YAPP,OC99,OCCDT99,IRIR,IRPP,TOR,RSH3,RMT1,RWO,RWO1,RTDN,FW,FW1,FWCN,BP1,PLFL
7.881611588812,48.937108754902,23566,MR,RW,MO99,LH,DU99,H,2.0,YAPP,RES,RES1,IRRE,IRP99,IRN,RSH4,RMT1,RWO,RWO1,RTDN,FW,FW1,FWCN,BPD,PLFR
7.87210121314182,48.9412900837048,23586,C99,CIP,MON,LO,DUC,H,2.0,YAPP,RES,RES1,IRRE,IRP99,IRN,RSH2,RMT1,RWO,RWO1,RTDP,FC,FC2,FWCP,BPD,PLFR
7.87668376712329,48.9344589178082,23601,MUR,MUN99,MO99,LO,DU99,H,2.0,YAPP,RES,RES1,IRRE,IRP99,IRN,RSH4,RMT1,RWO,RWO1,RTDP,FC,FC1,FWCP,BPD,PLFR
7.8760667632262,48.9416878768229,23634,MUR,MUN99,MO99,LO,DU99,H,1.0,YAPP,RES,COM7,IRRE,IRP99,IRN,RSH2,RMT1,RSM99,RWO1,RTDN,FN,FT99,FWC99,BP99,PLF99
7.87464601178444,48.9337679975206,23668,MUR,MUN99,MO99,LO,DU99,H,2.0,YAPP,RES,RES1,IRRE,IRP99,IRN,RSH2,RMT1,RWO,RWO1,RTDP,FC,FC1,FWCP,BPD,PLFR
7.88042031089955,48.9355165071294,23671,MR,RW,MO99,LH,DU99,H,2.0,YAPP,RES,COM7,IRRE,IRP99,IRN,RSH2,RMT1,RWO,RWO1,RTDN,FW,FW1,FWCN,BP2,PLFR
7.88467,48.9370615,23673,MR,RW,MO99,LH,DU99,H,3.0,YAPP,RES,RES2,IRRE,IRP99,IRN,RSH2,RMT1,RWO,RWO1,RTDP,FW,FW1,FWCP,BP1,PLFR
7.90826032589378,48.9238820927878,23676,MUR,CLBRS,MOCL,LO,DU99,H,1.0,Y99,RES,OCCDT99,IRRE,IRP99,IRN,RSH2,RMT1,RWO,RWO1,RTD99,FN,FT99,FWC99,BP1,PLFR
7.88556739758031,48.9325505068836,23756,MUR,MUN99,MO99,LO,DU99,H,2.0,YAPP,RES,RES1,IRRE,IRP99,IRN,RSH1,RMN,RC,RC1,RWCP,FC,FC1,FWCP,BPD,PLFR
7.87702731156463,48.9413445482993,23801,S,SO,SC99,LO,DU99,H,1.0,YAPP,RES,RES99,IRRE,IRP99,IRN,RSH5,RMT1,RWO,RWO1,RTDN,FN,FT99,FWC99,BPD,PLFR
7.88025315385019,48.9400935773369,23806,C99,CIP,MO99,LO,DU99,H,1.0,YAPP,RES,RES1,IRRE,IRP99,IRN,RSH2,RMT1,RC,RC1,RTDP,FC,FC1,FWCP,BPD,PLFR
7.88217960996103,48.9341164465658,23822,MUR,MUN99,MOCL,LO,DU99,H,1.0,YAPP,RES,COM7,IRRE,IRP99,IRN,RSH2,RMT1,RWO,RWO1,RCN99,FN,FT99,FWC99,BPD,PLFR
7.9025091679832,48.925066996086,23836,MUR,MUN99,MO99,LO,DU99,H,1.0,YAPP,RES,RES1,IRRE,IRP99,IRN,RSH4,RMT99,RSM99,RST99,RCN99,FC,FC1,FWCP,BPD,PLFR
7.890236,48.9356575,23837,MUR,CLBRH,MOC,LO,DU99,H,1.0,YAPP,RES,COM7,IRRE,IRP99,IRN,RSH3,RMT1,RWO,RWO1,RTDP,FN,FT99,FWC99,BP1,PLFR
7.88169035436383,48.9378848003855,23846,MUR,MUN99,MO99,LO,DU99,H,2.0,YAPP,MIX,MIX2,IRRE,IRP99,IRN,RSH4,RMT1,RWO,RWO1,RCN99,FW,FW1,FWC99,BPD,PLFR
7.88453602789981,48.9401716863198,23871,MUR,MUN99,MO99,LO,DU99,H,2.0,YAPP,RES,RES1,IRRE,IRP99,IRN,RSH4,RMT1,RWO,RWO1,RTDP,FW,FW1,FWC99,BPD,PLFR
7.8741606627645,48.9415790105897,23875,CR,CIP,MOC,LFINF,DUC,H,1.0,YAPP,RES,RES1,IRRE,IRP99,IRN,RSH3,RMT1,RWO,RWO1,RTDP,FC,FC2,FWCP,BPD,PLFR
7.88142770913322,48.9386312290091,23887,MAT99,MATT99,MO99,L99,DU99,H99,99.0,Y99,OC99,OCCDT99,IR99,IRP99,IRT99,R99,RMT99,RSM99,RST99,RCN99,F99,FT99,FWC99,BP99,PLF99
7.87650847353362,48.9410348302337,23896,MR,RW,MO99,LH,DU99,H,1.0,YAPP,RES,RES1,IRRE,IRP99,IRN,RSH4,RMT1,RWO,RWO1,RCN99,FW,FW1,FWC99,BPD,PLFR
7.87422957215447,48.9391114161585,23908,MUR,MUN99,MO99,LO,DU99,H,1.0,YAPP,RES,COM7,IRRE,IRP99,IRN,RSH4,RMT1,RWO,RWO1,RTDP,FW,FW1,FWC99,BPD,PLFR
7.90799841509434,48.9246967603774,23928,MCF,RW,MO99,LH,DU99,H,3.0,YAPP,RES,RES2,IRRE,IRP99,IRN,RSH3,RMT1,RWO,RWO1,RTDP,FW,FW1,FWC99,BP1,PLFR
7.87364001864517,48.9418138229084,23932,MUR,MUN99,MO99,LO,DU99,H,2.0,YAPP,RES,RES1,IRRE,IRP99,IRN,RSH2,RMT1,RWO,RWO1,RTDP,FW,FW1,FWC99,BPD,PLFR
7.89030330722367,48.9357013759791,23945,MAT99,MATT99,MO99,L99,DU99,H99,99.0,Y99,OC99,OCCDT99,IR99,IRP99,IRT99,R99,RMT99,RSM99,RST99,RCN99,F99,FT99,FWC99,BP99,PLF99
7.88547028378052,48.9372925842398,23998,MUR,RW,MO99,LH,DU99,H,2.0,YBET,RES,RES2,IRIR,IRPP,TOR,RSH2,RMT1,RWO,RWO1,RTDP,FW,FW1,FWCP,BP2,PLFL
7.8750123369488,48.9398597748834,24037,MUR,CLBRS,MOC,LO,DU99,H,1.0,YAPP,RES,RES1,IRRE,IRP99,IRN,RSH3,RMT1,RWO,RWO1,RTDP,FW,FW1,FWCP,BPD,PLFR
7.90020637297714,48.9246432784485,24055,C99,CIP,MO99,LO,DU99,H,2.0,YAPP,MIX,MIX1,IRRE,IRP99,IRN,RSH2,RMT1,RWO,RWO1,RTDP,FC,FC2,FWCP,BPD,PLFR
7.87509647506134,48.9336343244159,24081,C99,CIP,MO99,LO,DU99,H,2.0,YAPP,RES,RES1,IRRE,IRP99,IRN,RSH2,RMT1,RWO,RWO1,RTDP,FC,FC1,FWCP,BPD,PLFR
7.90261510998904,48.9255231283075,24084,MUR,CLBRH,MOC,LO,DU99,H,1.0,YAPP,AGR,OCCDT99,IRRE,IRP99,IRN,RSH5,RMT1,RWO,RWO1,RTDN,FN,FT99,FWC99,BP2,PLFR
7.88603313073593,48.9315573341991,24086,MUR,ST99,MOCL,LO,DU99,H,1.0,YAPP,RES,RES1,IRRE,IRP99,IRN,RSH3,RMT1,RWO,RWO1,RTDP,FC,FC1,FWCP,BPD,PLFR
7.90765401525002,48.924242697102,24165,MR,RW,MO99,LH,DU99,H,2.0,YAPP,RES,RES1,IRRE,IRP99,IRN,RSH2,RMT1,RWO,RWO1,RTDN,FW,FW1,FWCN,BP1,PLFR
7.90794154254852,48.9231173664941,24169,MUR,MUN99,MO99,LO,DU99,H,1.0,YAPP,RES,RES1,IRRE,IRP99,IRN,RSH3,RMT1,RWO,RWO1,RTDP,FC,FC1,FWCP,BPD,PLFR
7.90666545679702,48.9241153210428,24203,MUR,MUN99,MO99,LO,DU99,H,1.0,YAPP,RES,COM7,IRRE,IRP99,IRN,RSH2,RMT1,RWO,RWO1,RTDN,FN,FT99,FWC99,BPD,PLFR
7.88506456491198,48.9319353970367,24240,MUR,MUN99,MO99,LO,DU99,H,1.0,YAPP,RES,RES1,IRRE,IRP99,IRN,RSH4,RMT1,RWO,RWO1,RTDN,FW,FW1,FWCN,BPD,PLFR
7.87713937414071,48.9404701291502,24242,MR,RW,MO99,LH,DU99,H,1.0,YAPP,RES,RES2,IRRE,IRP99,IRN,RSH2,RMT1,RWO,RWO1,RTDN,FW,FW1,FWCN,BP1,PLFR
7.88024408158538,48.9390041857746,24252,MAT99,MATT99,MO99,L99,DU99,H99,99.0,Y99,OC99,OCCDT99,IR99,IRP99,IRT99,R99,RMT99,RSM99,RST99,RCN99,F99,FT99,FWC99,BP99,PLF99
7.8852310250337,48.9345885279222,24295,W,WLI,MON,LO,DU99,H,1.0,YAPP,GOV,GOV2,IRRE,IRP99,IRN,RSH2,RMT3,RME,RME1,RTDN,FN,FT99,FWC99,BPD,PLFR
7.88345844573191,48.9377822556971,24369,MR,RW,MO99,LO,DU99,H,2.0,YAPP,MIX,MIX2,IRRE,IRP99,IRN,RSH4,RMT1,RWO,RWO1,RTDP,FW,FW1,FWCN,BPD,PLFR
7.8823085681575,48.9371257887153,24370,MR,RW,MO99,LH,DU99,H,2.0,YAPP,RES,RES2,IRIR,IRPP,TOR,RSH2,RMT1,RWO,RWO1,RTDP,FW,FW1,FWC99,BP1,PLFL
7.87624491057426,48.9391759771587,24374,MR,RW,MO99,LH,DU99,H,2.0,YAPP,RES,RES2,IRRE,IRP99,IRN,RSH4,RMT1,RWO,RWO1,RTDN,FW,FW1,FWCN,BP1,PLFR
7.88719742035928,48.9363900876913,24447,MR,RW,MO99,LO,DU99,H,2.0,YAPP,RES,OCCDT99,IRRE,IRP99,IRN,RSH2,RMT1,RWO,RWO1,RTDN,FW,FW1,FWCN,BP1,PLFR
7.88225093275261,48.9324262682838,24460,MAT99,MATT99,MO99,L99,DU99,H99,99.0,Y99,OC99,OCCDT99,IR99,IRP99,IRT99,R99,RMT99,RSM99,RST99,RCN99,F99,FT99,FWC99,BP99,PLF99
7.88793252792695,48.931971021431,24501,MUR,MUN99,MO99,LO,DU99,H,2.0,YAPP,RES,RES1,IRRE,IRP99,IRN,RSH4,RMT1,RWO,RWO1,RTDP,FC,FC1,FWCP,BPD,PLFR
7.89126513175185,48.9346529248212,24506,C99,CIP,MO99,LFINF,DUC,H,2.0,YAPP,RES,RES2,IRIR,IRPP,TOR,RSH2,RMT1,RC,RC1,RTDP,FC,FC1,FWCP,BPD,PLFR
7.90203244119302,48.9265684761621,24541,MUR,CB99,MOC,LO,DU99,H,1.0,YAPP,IND,IND2,IRRE,IRP99,IRN,RSH2,RMT6,RME,RME1,RCN99,FN,FT99,FWC99,BPD,PLFR
7.87286165671583,48.9415326175888,24561,C99,CIP,MO99,LFINF,DUC,H,2.0,YAPP,RES,RES1,IRRE,IRP99,IRN,RSH2,RMT1,RWO,RWO1,RTDP,FC,FC2,FWCP,BPD,PLFR
7.90908260676114,48.9257488486617,24588,C99,CIP,MO99,LFINF,DUC,H,2.0,YAPP,RES,RES1,IRRE,IRP99,IRN,RSH2,RMT1,RC,RC2,RTDP,FC,FC2,FWCP,BPD,PLFR
7.90063405422156,48.924690312438,24601,C99,CIP,MO99,LFINF,DUC,H,2.0,YAPP,RES,RES1,IRIR,IRPP,TOR,RSH3,RMT1,RWO,RWO1,RTDP,FC,FC2,FWCP,BPD,PLFT
7.87985574530863,48.9384844967937,24606,MAT99,MATT99,MO99,L99,DU99,H99,99.0,Y99,OC99,OCCDT99,IR99,IRP99,IRT99,R99,RMT99,RSM99,RST99,RCN99,F99,FT99,FWC99,BP99,PLF99
7.87333995845286,48.94010348779,24631,CR,CIP,MO99,LFINF,DUC,H,2.0,YAPP,RES,RES1,IRRE,IRP99,IRN,RSH2,RMT1,RWO,RWO1,RTDP,FC,FC2,FWCP,BPD,PLFR
7.89034020460896,48.9375630478791,24699,MUR,MUN99,MO99,LO,DU99,H,2.0,YAPP,RES,RES1,IRRE,IRP99,IRN,RSH2,RMT1,RWO,RWO1,RTDP,FW,FW1,FWC99,BPD,PLFR
7.8740333275184,48.9402639814192,24702,CR,CIP,MO99,LFINF,DUC,H,2.0,YAPP,RES,RES1,IRRE,IRP99,IRN,RSH2,RMT1,RWO,RWO1,RTDP,FC,FC2,FWCP,BPD,PLFR
7.88098698876561,48.9329902626474,24736,MUR,MUN99,MO99,LO,DU99,H,2.0,YAPP,RES,RES1,IRRE,IRP99,IRN,RSH4,RMT7,RWO,RWO1,RTDP,FW,FW1,FWCP,BPD,PLFR
7.87453659367807,48.9330703750285,24751,MUR,MUN99,MO99,LO,DU99,H,1.0,YAPP,RES,RES1,IRRE,IRP99,IRN,RSH3,RMT1,RWO,RWO1,RTDP,FC,FC1,FWCP,BPD,PLFR
7.88133822906583,48.9386488903679,24813,MUR,CLBRS,MOC,LO,DU99,H,2.0,YAPP,IND,OCCDT99,IRRE,IRP99,IRN,RSH2,RMT1,RWO,RWO1,RTDP,FC,FC2,FWCP,BP2,PLFR
7.88512300749635,48.9329115351577,24901,MUR,MUN99,MO99,LO,DU99,H,2.0,YAPP,RES,RES1,IRRE,IRP99,IRN,RSH4,RMT1,RWO,RWO1,RTDP,FW,FW1,FWCP,BPD,PLFR
7.89126138089358,48.9368357476105,24910,MUR,MUN99,MO99,LO,DU99,H,1.0,YAPP,RES,OCCDT99,IRRE,IRP99,IRN,RSH2,RMT1,RWO,RWO1,RTDP,FN,FT99,FWC99,BP2,PLFR
7.89105208039379,48.9309413933031,24912,MUR,MUN99,MO99,LO,DU99,H,2.0,YAPP,RES,RES1,IRRE,IRP99,IRN,RSH4,RMT1,RWO,RWO1,RTDP,FW,FW1,FWCN,BPD,PLFR
7.88265302543295,48.9400838390269,24946,MUR,MUN99,MO99,LO,DU99,H,1.0,YAPP,RES,RES1,IRRE,IRP99,IRN,RSH3,RMT1,RWO,RWO1,RTDP,FC,FC1,FWCP,BPD,PLFR
7.89136397936835,48.9308471056039,25171,MUR,MUN99,MO99,LO,DU99,H,2.0,YAPP,RES,RES1,IRRE,IRP99,IRN,RSH4,RMT1,RWO,RWO1,RTDN,FW,FW1,FWCN,BPD,PLFR
7.88403028913761,48.9372503134596,25176,MUR,MUN99,MO99,LO,DU99,H,1.0,YAPP,RES,COM7,IRRE,IRP99,IRN,RSH1,RMN,RC,RC1,RTDP,FN,FT99,FWC99,BP3,PLFR
7.87448028882751,48.9438199776783,25183,MUR,MUN99,MO99,LO,DU99,H,1.0,YAPP,RES,RES1,IRRE,IRP99,IRN,RSH3,RMT1,RWO,RWO1,RTDP,FC,FC1,FWCP,BPD,PLFR
7.88331901634833,48.9378051274882,25189,MUR,MUN99,MO99,LO,DU99,H,2.0,Y99,MIX,MIX1,IRRE,IRP99,IRN,RSH2,RMT1,RWO,RWO1,RTDP,FC,FC1,FWCP,BPD,PLFR
7.88682495077478,48.936180754387,25199,MAT99,MATT99,MO99,L99,DU99,H99,99.0,Y99,OC99,OCCDT99,IR99,IRP99,IRT99,R99,RMT99,RSM99,RST99,RCN99,F99,FT99,FWC99,BP99,PLF99
7.90616354387115,48.9264796216347,25205,MUR,MUN99,MO99,LO,DU99,H,2.0,YAPP,RES,RES1,IRRE,IRP99,IRN,RSH4,RMT1,RWO,RWO1,RTDP,FW,FW1,FWCN,BP1,PLFR
7.87608179261843,48.9393510062848,25206,CR,CIP,MO99,LFINF,DUC,H,1.0,YAPP,IND,OCCDT99,IRIR,IRPP,TOR,RSH2,RMT1,RWO,RWO1,RTDP,FN,FT99,FWC99,BP1,PLFL
7.88811798594771,48.9356682861474,25219,MAT99,MATT99,MO99,L99,DU99,H99,99.0,Y99,OC99,OCCDT99,IR99,IRP99,IRT99,R99,RMT99,RSM99,RST99,RCN99,F99,FT99,FWC99,BP99,PLF99
7.878161,48.948804,25233,MUR,MUN99,MO99,LO,DU99,H,2.0,YAPP,RES,RES1,IRRE,IRP99,IRN,RSH2,RMT1,RWO,RWO1,RTDP,FC,FC1,FWCP,BPD,PLFR
7.8751085578843,48.9421659642755,25234,MUR,MUN99,MO99,LO,DU99,H,2.0,YAPP,RES,RES1,IRRE,IRP99,IRN,RSH2,RMT1,RWO,RWO1,RTDP,FW,FW1,FWCN,BPD,PLFR
7.8768424106724,48.9409419539137,25241,MR,RW,MO99,LH,DU99,H,2.0,YAPP,RES,RES1,IRRE,IRP99,IRN,RSH2,RMT1,RWO,RWO1,RTDN,FW,FW1,FWCN,BP1,PLFR
7.87642281607791,48.9387472311709,25247,MUR,MUN99,MO99,LO,DU99,H,2.0,YAPP,RES,RES1,IRIR,IRPP,TOR,RSH2,RMT1,RWO,RWO1,RTDN,FW,FW1,FWCN,BPD,PLFL
7.90593454642233,48.9257932714262,25256,MAT99,MATT99,MO99,L99,DU99,H99,99.0,Y99,OC99,OCCDT99,IR99,IRP99,IRT99,R99,RMT99,RSM99,RST99,RCN99,F99,FT99,FWC99,BP99,PLF99
7.90790793924471,48.923357861991,25314,C99,CIP,MO99,LFINF,DUC,H,2.0,YAPP,RES,RES1,IRRE,IRP99,IRN,RSH4,RMT1,RWO,RWO1,RTDP,FC,FC2,FWCP,BPD,PLFR
7.88349863267832,48.9418257378689,25358,CR,CIP,MO99,LFINF,DUC,H,2.0,YAPP,RES,RES1,IRIR,IRPP,TOR,RSH3,RMT1,RWO,RWO1,RTDP,FC,FC2,FWCP,BPD,PLFL
7.88439555964179,48.9395492085221,25368,CR,CIP,MO99,LFINF,DUC,H,2.0,YAPP,COM,MIX2,IRIR,IRPP,TOR,RSH4,RMT1,RWO,RWO1,RTDP,FC,FC2,FWCP,BPD,PLFL
7.88165063984048,48.9364974896074,25403,MAT99,MATT99,MO99,L99,DU99,H99,99.0,Y99,OC99,OCCDT99,IR99,IRP99,IRT99,R99,RMT99,RSM99,RST99,RCN99,F99,FT99,FWC99,BP99,PLF99
7.88104586190817,48.9497387350874,25419,MR,RW,MO99,LH,DU99,H,2.0,YAPP,COM,MIX2,IRRE,IRP99,IRN,RSH2,RMT1,RWO,RWO1,RTDN,FW,FW1,FWCN,BP1,PLFR
7.88055235768231,48.950806595442,25428,MAT99,MATT99,MO99,L99,DU99,H99,99.0,Y99,OC99,OCCDT99,IR99,IRP99,IRT99,R99,RMT99,RSM99,RST99,RCN99,F99,FT99,FWC99,BP99,PLF99
7.877966,48.950329,25469,MR,RW,MO99,LH,DU99,H,1.0,YAPP,RES,RES2,IRRE,IRP99,IRN,RSH2,RMT1,RWO,RWO1,RTDP,FN,FT99,FWC99,BP1,PLFR
7.88229665416316,48.9501902023538,25536,MR,RW,MO99,LH,DU99,H,1.0,YAPP,RES,COM7,IRRE,IRP99,IRN,RSH2,RMT1,RWO,RWO1,RTDN,FN,FT99,FWC99,BPD,PLFR
7.88425032041637,48.9490121653182,25602,MUR,CLBRS,MOC,LO,DU99,H,1.0,YAPP,VAC,OCCDT99,IRRE,IRP99,IRN,RSH2,RMT1,RWO,RWO1,RTDN,FN,FT99,FWC99,BPD,PLFR
7.88163954569801,48.9503036176681,25640,MR,RW,MO99,LH,DU99,H,1.0,YAPP,IND,OCCDT99,IRRE,IRP99,IRN,RSH2,RMT1,RWO,RWO1,RTDN,FN,FT99,FWC99,BP2,PLFR
7.89197040088431,48.9583973560251,25642,MAT99,MATT99,MO99,L99,DU99,H99,99.0,Y99,OC99,OCCDT99,IR99,IRP99,IRT99,R99,RMT99,RSM99,RST99,RCN99,F99,FT99,FWC99,BP99,PLF99
7.87845578033109,48.9503963133489,25648,MR,RW,MO99,LH,DU99,H,1.0,YAPP,RES,OCCDT99,IRRE,IRP99,IRN,RSH3,RMT1,RWO,RWO1,RTDN,FN,FT99,FWC99,BP1,PLFR
7.88359152353258,48.9499100343257,25656,MAT99,MATT99,MO99,L99,DU99,H99,99.0,Y99,OC99,OCCDT99,IR99,IRP99,IRT99,R99,RMT99,RSM99,RST99,RCN99,F99,FT99,FWC99,BP99,PLF99
7.88313180472437,48.9494562503744,25684,C99,CIP,MO99,LO,DU99,H,1.0,YAPP,VAC,OCCDT99,IRRE,IRP99,IRN,RSH1,RMN,RSM99,RST99,RCN99,FN,FT99,FWC99,BP1,PLFR
7.87936087237183,48.9495806520272,25685,MAT99,MATT99,MO99,L99,DU99,H99,99.0,Y99,OC99,OCCDT99,IR99,IRP99,IRT99,R99,RMT99,RSM99,RST99,RCN99,F99,FT99,FWC99,BP99,PLF99
7.88219183572887,48.9502858784319,25689,MUR,MUN99,MO99,LO,DU99,H,2.0,YAPP,RES,RES1,IRRE,IRP99,IRN,RSH2,RMT1,RWO,RWO1,RTDP,FW,FW1,FWCN,BPD,PLFR
7.88600018279646,48.9490540781807,25728,CR,CIP,MO99,LFINF,DUC,H,1.0,YAPP,RES,COM7,IRIR,IRPP,TOR,RSH2,RMT1,RWO,RWO1,RTDP,FN,FT99,FWC99,BPD,PLFL
7.87776145819015,48.9493119627721,25730,MAT99,MATT99,MO99,L99,DU99,H99,99.0,Y99,OC99,OCCDT99,IR99,IRP99,IRT99,R99,RMT99,RSM99,RST99,RCN99,F99,FT99,FWC99,BP99,PLF99
7.87810415940017,48.9491318265821,25761,CR,CIP,MO99,LFINF,DUC,H,2.0,YAPP,RES,RES1,IRRE,IRP99,IRN,RSH2,RMT1,RWO,RWO1,RTDP,FC,FC1,FWCP,BPD,PLFR
7.87698938779468,48.9506434246242,25765,MUR,MUN99,MO99,LO,DU99,H,2.0,YAPP,RES,RES1,IRRE,IRP99,IRN,RSH3,RMT1,RWO,RWO1,RTDP,FW,FW1,FWCN,BPD,PLFR
7.8797492253733,48.9510604144257,25769,CR,CIP,MO99,LFINF,DUC,H,2.0,YAPP,RES,RES1,IRRE,IRP99,IRN,RSH2,RMT1,RWO,RWO1,RTDP,FC,FC2,FWCP,BPD,PLFR
7.87835255421524,48.95004951293,25790,MR,RW,MO99,LH,DU99,H,2.0,YAPP,RES,RES1,IRRE,IRP99,IRN,RSH2,RMT1,RWO,RWO1,RTDN,FW,FW1,FWCN,BP1,PLFR
7.87535461304832,48.9621159917986,25812,CR,CIP,MO99,LFINF,DUC,H,2.0,YAPP,RES,RES1,IRRE,IRP99,IRN,RSH2,RMT1,RWO,RWO1,RTDP,FC,FC2,FWCP,BPD,PLFR
7.86418959754959,48.9607406755952,25823,CR,CIP,MO99,LFINF,DU99,H,2.0,YAPP,RES,RES1,IRRE,IRP99,IRN,RSH2,RMT1,RWO,RWO1,RTDP,FC,FC2,FWCP,BPD,PLFR
7.86787,48.9615065,25870,MAT99,MATT99,MO99,L99,DU99,H99,99.0,Y99,OC99,OCCDT99,IR99,IRP99,IRT99,R99,RMT99,RSM99,RST99,RCN99,F99,FT99,FWC99,BP99,PLF99
7.86839058486223,48.9580606723877,25893,MAT99,MATT99,MO99,L99,DU99,H99,99.0,Y99,OC99,OCCDT99,IR99,IRP99,IRT99,R99,RMT99,RSM99,RST99,RCN99,F99,FT99,FWC99,BP99,PLF99
7.8685021021029,48.9591391122633,25919,MAT99,MATT99,MO99,L99,DU99,H99,99.0,Y99,OC99,OCCDT99,IR99,IRP99,IRT99,R99,RMT99,RSM99,RST99,RCN99,F99,FT99,FWC99,BP99,PLF99
7.86896046415553,48.9586780328068,25952,MUR,MUN99,MO99,LO,DU99,H,2.0,YAPP,RES,OCCDT99,IRRE,IRP99,IRN,RSH2,RMT1,RWO,RWO1,RTDP,FW,FW1,FWCN,BP1,PLFR
7.87339200811771,48.9564141303907,25983,MAT99,MATT99,MO99,L99,DU99,H99,99.0,Y99,OC99,OCCDT99,IR99,IRP99,IRT99,R99,RMT99,RSM99,RST99,RCN99,F99,FT99,FWC99,BP99,PLF99
7.86824931535829,48.9594683733542,25986,MR,RW,MO99,LH,DU99,H,1.0,YAPP,RES,OCCDT99,IRRE,IRP99,IRN,RSH2,RMT1,RWO,RWO1,RTDN,FN,FT99,FWC99,BP1,PLFR
7.86714459928814,48.9611897674861,25992,MAT99,MATT99,MO99,L99,DU99,H99,99.0,Y99,OC99,OCCDT99,IR99,IRP99,IRT99,R99,RMT99,RSM99,RST99,RCN99,F99,FT99,FWC99,BP99,PLF99
7.8683525652725,48.9601596134347,25994,MAT99,MATT99,MO99,L99,DU99,H99,99.0,Y99,OC99,OCCDT99,IR99,IRP99,IRT99,R99,RMT99,RSM99,RST99,RCN99,F99,FT99,FWC99,BP99,PLF99
7.86905373824624,48.9587763457636,26007,MR,RW,MO99,LH,DU99,H,1.0,YAPP,RES,MIX1,IRRE,IRP99,IRN,RSH2,RMT1,RWO,RWO1,RTDN,FN,FT99,FWC99,BP1,PLFR
7.87287458656485,48.9606077193999,26024,MR,RW,MO99,LH,DU99,H,2.0,YAPP,AGR,OCCDT99,IRRE,IRP99,IRN,RSH2,RMT1,RWO,RWO1,RTDP,FW,FW1,FWCN,BP1,PLFR
7.87165629039515,48.9601135145585,26055,MR,RW,MO99,LH,DU99,H,1.0,YAPP,RES,OCCDT99,IRRE,IRP99,IRN,RSH2,RMT1,RWO,RWO1,RTDN,FN,FT99,FWC99,BP1,PLFR
7.87374798526808,48.9554795127404,26075,MAT99,MATT99,MO99,L99,DU99,H99,99.0,Y99,OC99,OCCDT99,IR99,IRP99,IRT99,R99,RMT99,RSM99,RST99,RCN99,F99,FT99,FWC99,BP99,PLF99
7.87039234333376,48.9598559882554,26122,MCF,RW,MO99,LH,DU99,H,3.0,YAPP,RES,RES2,IRRE,IRP99,IRN,RSH2,RMT1,RWO,RWO1,RTDP,FW,FW1,FWCN,BP2,PLFR
7.87398114654897,48.9559839774565,26134,MAT99,MATT99,MO99,L99,DU99,H99,99.0,Y99,OC99,OCCDT99,IR99,IRP99,IRT99,R99,RMT99,RSM99,RST99,RCN99,F99,FT99,FWC99,BP99,PLF99
7.86812348965126,48.9613105634628,26138,MAT99,MATT99,MO99,L99,DU99,H99,99.0,Y99,OC99,OCCDT99,IR99,IRP99,IRT99,R99,RMT99,RSM99,RST99,RCN99,F99,FT99,FWC99,BP99,PLF99
7.87023335056339,48.9600059284025,26146,MAT99,MATT99,MO99,L99,DU99,H99,99.0,Y99,OC99,OCCDT99,IR99,IRP99,IRT99,R99,RMT99,RSM99,RST99,RCN99,F99,FT99,FWC99,BP99,PLF99
7.87369212610392,48.9566938527792,26167,MAT99,MATT99,MO99,L99,DU99,H99,99.0,Y99,OC99,OCCDT99,IR99,IRP99,IRT99,R99,RMT99,RSM99,RST99,RCN99,F99,FT99,FWC99,BP99,PLF99
7.8710024449679,48.960413514803,26170,MUR,MUN99,MO99,LO,DU99,H,1.0,YAPP,RES,OCCDT99,IRIR,IRPP,TOR,RSH2,RMT1,RWO,RWO1,RTDN,FN,FT99,FWC99,BP99,PLFL
7.86952357406112,48.9593310569163,26175,W,WLI,MON,LO,DU99,H,1.0,YAPP,RES,OCCDT99,IRRE,IRP99,IRN,RSH2,RMT1,RWO,RWO1,RTDN,FN,FT99,FWC99,BP1,PLFR
7.87370517728937,48.9620634308256,26177,MUR,MUN99,MO99,LO,DU99,H,1.0,YAPP,RES,OCCDT99,IRRE,IRP99,IRN,RSH5,RMT1,RWO,RWO1,RTDP,FN,FT99,FWC99,BP1,PLFR
7.86843716271378,48.9594425521943,26185,MR,RW,MO99,LH,DU99,H,2.0,YAPP,RES,RES1,IRIR,IRPP,TOR,RSH3,RMT1,RWO,RWO1,RTDP,FW,FW1,FWCN,BP1,PLFL
7.86829006464947,48.9601791377788,26225,MAT99,MATT99,MO99,L99,DU99,H99,99.0,Y99,OC99,OCCDT99,IR99,IRP99,IRT99,R99,RMT99,RSM99,RST99,RCN99,F99,FT99,FWC99,BP99,PLF99
7.86947504139285,48.9592458070041,26238,MAT99,MATT99,MO99,L99,DU99,H99,99.0,Y99,OC99,OCCDT99,IR99,IRP99,IRT99,R99,RMT99,RSM99,RST99,RCN99,F99,FT99,FWC99,BP99,PLF99
7.87375289390956,48.9619504861685,26267,MUR,MUN99,MO99,LO,DU99,H,2.0,YAPP,RES,OCCDT99,IRIR,IRPP,TOR,RSH2,RMT1,RWO,RWO1,RTDP,FW,FW1,FWCN,BPD,PLFL
7.87016606422452,48.9588339639749,26277,MR,RW,MO99,LH,DU99,H,2.0,YAPP,RES,RES1,IRRE,IRP99,IRN,RSH2,RMT1,RWO,RWO1,RTDP,FW,FW1,FWCN,BPD,PLFR
7.8820765870735,48.9643532406388,26292,MR,RW,MO99,LH,DU99,H,1.0,YAPP,RES,OCCDT99,IRRE,IRP99,IRN,RSH2,RMT1,RWO,RWO1,RTDP,FN,FT99,FWC99,BP3,PLFR
7.88089786675501,48.9651534753885,26297,MUR,MUN99,MO99,LO,DU99,H,1.0,YAPP,OCO,OCCDT99,IRRE,IRP99,IRN,RSH2,RMT1,RWO,RWO1,RTDP,FN,FT99,FWC99,BPD,PLFR
7.88333366335983,48.9651697060681,26336,MR,RW,MO99,LH,DU99,H,2.0,YAPP,RES,RES1,IR99,IRP99,IRT99,RSH2,RMT1,RWO,RWO1,RTDP,FW,FW1,FWCN,BP1,PLFR
7.88138914785972,48.9641925620705,26397,MR,RW,MO99,LH,DU99,H,1.0,YAPP,RES,OCCDT99,IRRE,IRP99,IRN,RSH2,RMT1,RWO,RWO1,RTDN,FN,FT99,FWC99,BP1,PLFR
7.88531343616855,48.9658046181078,26402,W,WLI,MON,LO,DU99,H,1.0,YAPP,RES,OCCDT99,IRRE,IRP99,IRN,RSH5,RMT7,RWO,RWO1,RTDN,FN,FT99,FWC99,BPD,PLFR
7.88165616450697,48.9638076891275,26415,MUR,MUN99,MO99,LO,DU99,H,2.0,YAPP,RES,RES1,IRRE,IRP99,IRN,RSH2,RMT1,RWO,RWO1,RTDP,FC,FC1,FWCP,BPD,PLFR
7.87932261454753,48.9653427398841,26426,MUR,MUN99,MO99,LO,DU99,H,2.0,YAPP,RES,RES1,IRRE,IRP99,IRN,RSH2,RMT1,RWO,RWO1,RTDP,FC,FC1,FWCP,BPD,PLFR
7.87970171979424,48.9651542737268,26428,MUR,MUN99,MO99,LO,DU99,H,2.0,YAPP,RES,RES1,IRRE,IRP99,IRN,RSH4,RMT1,RWO,RWO1,RTDP,FW,FW1,FWCN,BPD,PLFR
7.8833191844906,48.9641650821101,26432,MR,RW,MO99,LH,DU99,H,2.0,YAPP,RES,OCCDT99,IRRE,IRP99,IRN,RSH2,RMT1,RWO,RWO1,RTDN,FW,FW1,FWCN,BPD,PLFR
7.8832992029582,48.96468046768,26448,MAT99,MATT99,MO99,L99,DU99,H99,99.0,Y99,OC99,OCCDT99,IR99,IRP99,IRT99,R99,RMT99,RSM99,RST99,RCN99,F99,FT99,FWC99,BP99,PLF99
7.88157317958475,48.964080303358,26451,MAT99,MATT99,MO99,L99,DU99,H99,99.0,Y99,OC99,OCCDT99,IR99,IRP99,IRT99,R99,RMT99,RSM99,RST99,RCN99,F99,FT99,FWC99,BP99,PLF99
7.88015540595543,48.9636297666419,26456,CR,CIP,MO99,LFINF,DUC,H,2.0,YAPP,RES,RES1,IRRE,IRP99,IRN,RSH2,RMT1,RWO,RWO1,RTDP,FC,FC2,FWCP,BPD,PLFR
7.88219807661845,48.9640653967126,26469,MR,RW,MO99,LH,DU99,H,2.0,YAPP,RES,RES1,IRRE,IRP99,IRN,RSH2,RMT1,RWO,RWO1,RTDN,FW,FW1,FWCN,BP1,PLFR
7.88071137593274,48.9644721173823,26480,MUR,MUN99,MO99,LO,DU99,H,1.0,YAPP,RES,OCCDT99,IRRE,IRP99,IRN,RSH2,RMT1,RWO,RWO1,RTDP,FN,FT99,FWC99,BP99,PLF99
7.88271112510592,48.9642547108851,26496,MR,RW,MO99,LH,DU99,H,2.0,YAPP,RES,RES1,IRRE,IRP99,IRN,RSH4,RMT1,RWO,RWO1,RTDN,FW,FW1,FWCN,BP1,PLFR
7.88121230460303,48.9644176103976,26539,MAT99,MATT99,MO99,L99,DU99,H99,99.0,Y99,OC99,OCCDT99,IR99,IRP99,IRT99,R99,RMT99,RSM99,RST99,RCN99,F99,FT99,FWC99,BP99,PLF99
7.88473569848201,48.9654894754003,26549,MUR,MUN99,MO99,LO,DU99,H,2.0,YAPP,RES,RES1,IRRE,IRP99,IRN,RSH4,RMT1,RWO,RWO1,RTDP,FW,FW1,FWCN,BPD,PLFR
7.88124248461716,48.9654829978718,26571,MAT99,MATT99,MO99,L99,DU99,H99,99.0,Y99,OC99,OCCDT99,IR99,IRP99,IRT99,R99,RMT99,RSM99,RST99,RCN99,F99,FT99,FWC99,BP99,PLF99
7.8812792113869,48.9641569399523,26572,W,WLI,MON,LO,DU99,H,1.0,YAPP,RES,OCCDT99,IRRE,IRP99,IRN,RSH2,RMT1,RWO,RWO1,RTDN,FN,FT99,FWC99,BP2,PLFR
7.88181788460088,48.9650262536769,26586,MR,RW,MO99,LH,DU99,H,1.0,YAPP,RES,RES2,IRRE,IRP99,IRN,RSH2,RMT1,RWO,RWO1,RTDN,FN,FT99,FWC99,BP2,PLFR
7.88297638057229,48.9637494856405,26592,MAT99,MATT99,MO99,L99,DU99,H99,99.0,Y99,OC99,OCCDT99,IR99,IRP99,IRT99,R99,RMT99,RSM99,RST99,RCN99,F99,FT99,FWC99,BP99,PLF99
7.9034905,48.954892,26722,MUR,MUN99,MO99,LO,DU99,H,2.0,YAPP,RES,RES1,IRRE,IRP99,IRN,RSH2,RMT1,RWO,RWO1,RWCN,FW,FW1,FWCN,BPD,PLFR
7.91202728205128,48.9529677692308,26753,CR,CIP,MO99,LFINF,DUC,H,2.0,YAPP,RES,RES1,IRRE,IRP99,IRN,RSH2,RMT1,RWO,RWO1,RTDP,FW,FC2,FWCP,BPD,PLFR
7.91314094759825,48.9503051761281,26756,MUR,MO,MO99,LO,DU99,H,1.0,YAPP,EDU,OCCDT99,IRRE,IRP99,IRN,RSH5,RMT1,RWO,RWO1,RTDP,FN,FT99,FWC99,BPD,PLFR
7.91174332817137,48.9531688334852,26779,MUR,MUN99,MO99,LO,DU99,H,2.0,YAPP,RES,RES1,IRRE,IRP99,IRN,RSH2,RMT1,RWO,RWO1,RTDP,FC,FC1,FWCP,BP1,PLFR
7.91157069470328,48.9498393011997,26814,CR,CIP,MO99,LFINF,DUC,H,2.0,YAPP,RES,RES1,IRRE,IRP99,IRN,RSH2,RMT1,RWO,RWO1,RTDP,FC,FC2,FWCP,BPD,PLFR
7.90569785119048,48.9563817664263,26832,MUR,MUN99,MO99,LO,DU99,H,2.0,YAPP,RES,RES1,IRRE,IRP99,IRN,RSH3,RMT1,RWO,RWO1,RTDP,FW,FW1,FWCN,BPD,PLFR
7.90854850591016,48.9493875634358,26853,MAT99,MATT99,MO99,L99,DU99,H99,99.0,Y99,OC99,OCCDT99,IR99,IRP99,IRT99,R99,RMT99,RSM99,RST99,RCN99,F99,FT99,FWC99,BP99,PLF99
7.91536435983689,48.9522078668026,26868,CR,CIP,MO99,LFINF,DUC,H,2.0,YAPP,RES,RES1,IRRE,IRP99,IRN,R99,RMT1,RWO,RWO1,RTDP,FC,FC2,FWCP,BPD,PLFR
7.91457613691039,48.9524646185971,26908,MR,RW,MO99,LH,DU99,H,1.0,YAPP,IND,OCCDT99,IRRE,IRP99,IRN,RSH2,RMT1,RWO,RWO1,RTDN,FN,FT99,FWC99,BP1,PLFR
7.9043143201338,48.9550160141036,26997,CR,CIP,MO99,LFINF,DUC,H,2.0,YAPP,RES,RES2,IRRE,IRP99,IRN,RSH3,RMT1,RWO,RWO1,RTDP,FC,FC2,FWCP,BPD,PLFR
7.91454728602242,48.9510675430325,27031,MUR,MUN99,MO99,LO,DU99,H,2.0,YAPP,RES,RES1,IRRE,IRP99,IRN,RSH2,RMT1,RWO,RWO1,RTDP,FC,FC1,FWCN,BP1,PLFR
7.91022867075853,48.9493041395837,27048,CR,CIP,MO99,LFINF,DUC,H,1.0,YAPP,RES,COM7,IRRE,IRP99,IRN,RSH2,RMT1,RWO,RWO1,RTDP,FN,FT99,FWC99,BP1,PLFR
7.91209580292746,48.9526754472439,27053,MUR,CLBRS,MOCL,LO,DU99,H,1.0,YAPP,RES,OCCDT99,IRRE,IRP99,IRN,RSH2,RMT1,RWO,RWO1,RTDN,FN,FT99,FWC99,BPD,PLFR
7.91045442921836,48.9515110050263,27054,MUR,MUN99,MO99,LO,DU99,H,2.0,YAPP,RES,RES1,IRRE,IRP99,IRN,RSH3,RMT1,RWO,RWO1,RTDP,FC,FC1,FWCP,BPD,PLFR
7.91398421618487,48.9514728704553,27094,MR,RW,MO99,LH,DU99,H,1.0,YAPP,RES,RES1,IRRE,IRP99,IRN,RSH2,RMT1,RWO,RWO1,RTDP,FN,FT99,FWC99,BP1,PLFR
7.90383111839503,48.9545388072138,27114,MUR,CLBRH,MOC,LO,DU99,H,1.0,YAPP,RES,RES1,IRRE,IRP99,IRN,RSH2,RMT1,RWO,RWO1,RTDP,FN,FT99,FWC99,BPD,PLFR
7.91381161507436,48.9519976373414,27136,MUR,CLBRH,MOC,LO,DU99,H,1.0,YAPP,VAC,OCCDT99,IRRE,IRP99,IRN,RSH2,RMT1,RWO,RWO1,RTDN,FN,FT99,FWC99,BP1,PLFR
7.90509636058671,48.956454664842,27164,MUR,MUN99,MO99,LO,DU99,H,2.0,YAPP,RES,RES1,IRRE,IRP99,IRN,RSH2,RMT1,RWO,RWO1,RTDN,FW,FW1,FWCN,BPD,PLFR
7.91012175735272,48.9529690111899,27169,MUR,MUN99,MO99,LO,DU99,H,1.0,YAPP,RES,RES1,IRRE,IRP99,IRN,RSH3,RMT1,RWO,RWO1,RTDP,FN,FT99,FWC99,BPD,PLFR
7.91034594861393,48.9515014056044,27197,W,WLI,MON,LO,DU99,H,1.0,YAPP,VAC,OCCDT99,IRRE,IRP99,IRN,RSH5,RMT6,RWO,RWO1,RTDN,FN,FT99,FWC99,BP1,PLFR
7.91270113554073,48.9498881482192,27264,MR,RW,MO99,LH,DU99,H,2.0,YAPP,RES,RES2,IRIR,IRPP,TOR,RSH2,RMT1,RWO,RWO1,RTDN,FW,FW1,FWCN,BPD,PLFL
7.91136529018404,48.9526434467533,27276,MR,RW,MO99,LH,DU99,H,2.0,YAPP,RES,RES1,IRRE,IRP99,IRN,RSH2,RMT1,RWO,RWO1,RTDN,FW,FW1,FWCN,BPD,PLFR
7.90565820864162,48.9548992754979,27288,MUR,MUN99,MO99,LO,DU99,H,1.0,YAPP,RES,RES2,IRRE,IRP99,IRN,RSH2,RMT1,RWO,RWO1,RTDP,FN,FT99,FWC99,BPD,PLFR
7.90431313878968,48.954130741528,27311,MUR,MUN99,MO99,LO,DU99,H,2.0,YAPP,RES,RES1,IRRE,IRP99,IRN,RSH4,RMT1,RWO,RWO1,RTDP,FC,FC1,FWCN,BPD,PLFR
7.91190970831712,48.9503817446886,27346,MR,RW,MO99,LH,DU99,H,2.0,YAPP,RES,RES1,IRRE,IRP99,IRN,RSH2,RMT1,RWO,RWO1,RTDN,FW,FW1,FWCN,BP1,PLFR
7.92209105555285,48.964243192619,27361,MUR,MUN99,MO99,LO,DU99,H,1.0,YAPP,IND,OCCDT99,IRIR,IRPP,TOR,RSH2,RMT1,RWO,RWO1,RTDN,FN,FT99,FWC99,BPD,PLFL
7.93480038819912,48.9567840647553,27461,MR,RW,MO99,LH,DU99,H,2.0,YAPP,RES,RES1,IRRE,IRP99,IRN,RSH2,RMT1,RWO,RWO1,RTDP,FW,FW1,FWCN,BPD,PLFR
7.9343085959596,48.9577263333333,27471,W,WLI,MON,LO,DU99,H,1.0,YAPP,IND,OCCDT99,IRRE,IRP99,IRN,RSH2,RMT1,RWO,RWO1,RTDN,FN,FT99,FWC99,BPD,PLFR
7.93617443285983,48.9575585250864,27472,MUR,MUN99,MO99,LO,DU99,H,1.0,YAPP,RES,COM7,IRRE,IRP99,IRN,RSH2,RMT1,RWO,RWO1,RTDN,FN,FT99,FWC99,BP1,PLFR
7.93658246138934,48.9556913158455,27487,MUR,MUN99,MO99,LO,DU99,H,2.0,YAPP,RES,RES1,IRRE,IRP99,IRN,RSH2,RMT1,RWO,RWO1,RTDN,FW,FW1,FWCN,BPD,PLFR
7.92047443921568,48.9646569980392,27510,MAT99,MATT99,MO99,L99,DU99,H99,99.0,Y99,OC99,OCCDT99,IR99,IRP99,IRT99,R99,RMT99,RSM99,RST99,RCN99,F99,FT99,FWC99,BP99,PLF99
7.93892336779858,48.957344956465,27514,MUR,MUN99,MO99,LO,DU99,H,1.0,YAPP,RES,OCCDT99,IRRE,IRP99,IRN,RSH2,RMT1,RWO,RWO1,RCN99,FN,FT99,FWC99,BPD,PLFR
7.93761029805336,48.9552511672122,27568,MUR,MUN99,MO99,LO,DU99,H,3.0,YAPP,RES,RES1,IRRE,IRP99,IRN,RSH2,RMT1,RWO,RWO1,RTDN,FW,FW1,FWCN,BPD,PLFR
7.94540997288676,48.95406461563,27591,MR,RW,MO99,LH,DU99,H,1.0,YAPP,RES,OCCDT99,IRRE,IRP99,IRN,RSH2,RMT1,RWO,RWO1,RTDN,FN,FT99,FWC99,BP1,PLFR
7.9422945465313,48.9542265409345,27607,MAT99,MATT99,MO99,L99,DU99,H99,99.0,Y99,OC99,OCCDT99,IR99,IRP99,IRT99,R99,RMT99,RSM99,RST99,RCN99,F99,FT99,FWC99,BP99,PLF99
7.93489364125561,48.959267186846,27637,CR,CIP,MOC,LFINF,DUC,H,2.0,YAPP,RES,RES1,IRIR,IRPP,TOR,RSH2,RMT1,RWO,RWO1,RTDP,FC,FC2,FWCP,BPD,PLFL
7.94218163226095,48.9542160417039,27655,MAT99,MATT99,MO99,L99,DU99,H99,99.0,Y99,OC99,OCCDT99,IR99,IRP99,IRT99,R99,RMT99,RSM99,RST99,RCN99,F99,FT99,FWC99,BP99,PLF99
7.9438845,48.9532725,27682,MUR,MUN99,MO99,LO,DU99,H,1.0,YAPP,RES,OCCDT99,IRRE,IRP99,IRN,RSH2,RMT1,RWO,RWO1,RTDN,FN,FT99,FWC99,BPD,PLFR
7.9383890241209,48.9531934405696,27686,MAT99,MATT99,MO99,L99,DU99,H99,99.0,Y99,OC99,OCCDT99,IR99,IRP99,IRT99,R99,RMT99,RSM99,RST99,RCN99,F99,FT99,FWC99,BP99,PLF99
7.93661026279726,48.958549974607,27763,CR,CIP,MOC,LFINF,DUC,H,2.0,YAPP,RES,RES1,IRRE,IRP99,IRN,RSH3,RMT1,RWO,RWO1,RTDP,FC,FC2,FWCP,BPD,PLFT
7.94506173188406,48.9534659710145,27767,MR,RW,MO99,LH,DU99,H,2.0,YAPP,RES,RES2,IRRE,IRP99,IRN,RSH4,RMT1,RWO,RWO1,RTDN,FW,FW1,FWCN,BP1,PLFR
7.94716414899332,48.9541825419825,27784,MUR,MUN99,MO99,LO,DU99,H,1.0,YAPP,RES,COM7,IRRE,IRP99,IRN,RSH1,RMT7,RWO,RWO1,RTDP,FN,FT99,FWC99,BPD,PLFR
7.94358105747126,48.9540781149425,27786,MR,RW,MO99,LH,DU99,H,2.0,YAPP,RES,RES2,IRRE,IRP99,IRN,RSH4,RMT1,RWO,RWO1,RTDN,FW,FW1,FWCN,BP1,PLFR
7.94115855721393,48.9537396616915,27800,MR,RW,MO99,LH,DU99,H,1.0,YAPP,RES,OCCDT99,IRRE,IRP99,IRN,RSH2,RMT1,RWO,RWO1,RTDN,FN,FT99,FWC99,BP2,PLFR
7.94083148821549,48.9526238316498,27802,MR,RW,MO99,LH,DU99,H,1.0,YAPP,RES,RES1,IRRE,IRP99,IRN,RSH2,RMT1,RWO,RWO1,RTDN,FN,FT99,FWC99,BP1,PLFR
7.94284562303576,48.9537582402965,27807,MR,RW,MO99,LH,DU99,H,2.0,YAPP,RES,RES2,IRRE,IRP99,IRN,RSH2,RMT1,RWO,RWO1,RTDN,FW,FW1,FWCN,BP1,PLFR
7.94228873610497,48.9540216536931,27843,MUR,MUN99,MO99,LO,DU99,H,1.0,YAPP,RES,OCCDT99,IRRE,IRP99,IRN,RSH1,RMN,RC,RC1,RTDP,FN,FT99,FWC99,BP1,PLFR
7.94251586517914,48.9541078417398,27852,MR,RW,MO99,LH,DU99,H,2.0,YAPP,RES,RES1,IRRE,IRP99,IRN,RSH2,RMT1,RWO,RWO1,RTDN,FW,FW1,FWCN,BP1,PLFR
7.9435763707879,48.953777026633,27860,MR,RW,MO99,LH,DU99,H,2.0,YAPP,RES,RES2,IRRE,IRP99,IRN,RSH2,RMT1,RWO,RWO1,RTDN,FW,FW1,FWCN,BP1,PLFL
7.94187570438597,48.9530783,27886,MR,RW,MO99,LH,DU99,H,2.0,YAPP,RES,OCCDT99,IRRE,IRP99,IRN,RSH2,RMT1,RWO,RWO1,RTDN,FW,FW1,FWCN,BP1,PLFR
7.94307141145194,48.954132687362,27903,MR,RW,MO99,LH,DU99,H,3.0,YAPP,RES,RES2,IRRE,IRP99,IRN,RSH2,RMT1,RWO,RWO1,RTDN,FW,FW1,FWCN,BP1,PLFR
7.93492888198645,48.9566925577892,27917,MUR,MUN99,MO99,LO,DU99,H,2.0,YAPP,RES,RES2,IRIR,IRPP,TOR,RSH2,RMT1,RWO,RWO1,RTDP,FW,FW1,FWCN,BPD,PLFL
7.94533177842636,48.95368820619,27947,MR,RW,MO99,LH,DU99,H,2.0,YAPP,RES,RES1,IRIR,IRPP,TOR,RSH2,RMT1,RWO,RWO1,RTDN,FW,FW1,FWCN,BPD,PLFL
7.94461058561297,48.9531368172915,28008,MR,RW,MO99,LH,DU99,H,2.0,YAPP,RES,RES1,IRRE,IRP99,IRN,RSH3,RMT1,RWO,RWO1,RTDN,FW,FW1,FWCN,BP1,PLFR
7.93740381439084,48.955866754429,28027,MR,RW,MO99,LH,DU99,H,3.0,YAPP,RES,RES1,IRRE,IRP99,IRN,RSH2,RMT1,RWO,RWO1,RTDN,FW,FW1,FWCN,BPD,PLFR
7.9390686366345,48.9537144594865,28042,MUR,MUN99,MO99,LO,DU99,H,2.0,YAPP,RES,RES2,IRRE,IRP99,IRN,RSH4,RMT1,RWO,RWO1,RTDP,FC,FC1,FWCN,BP99,PLFR
7.94039276241447,48.9527184762624,28044,MR,RW,MO99,LH,DU99,H,1.0,YAPP,RES,OCCDT99,IRRE,IRP99,IRN,RSH2,RMT1,RWO,RWO1,RTDN,FN,FT99,FWC99,BPD,PLFR
7.93832494211645,48.9583788655583,28145,MUR,MUN99,MO99,LO,DU99,H,2.0,YAPP,RES,RES1,IRRE,IRP99,IRN,RSH2,RMT1,RWO,RWO1,RTDP,FC,FC1,FWCN,BP1,PLFR
7.93694374010423,48.9546967769424,28156,MR,RW,MO99,LH,DU99,H,1.0,YAPP,RES,OCCDT99,IRRE,IRP99,IRN,RSH2,RMT1,RWO,RWO1,RTDN,FN,FT99,FWC99,BP1,PLFR
7.93826181430553,48.9576489827513,28163,MR,RW,MO99,LH,DU99,H,1.0,YAPP,RES,RES1,IRRE,IRP99,IRN,RSH2,RMT1,RWO,RWO1,RTDN,FN,FT99,FWC99,BPD,PLFR
7.92124829847896,48.9632526725366,28169,MUR,MUN99,MO99,LO,DU99,H,2.0,YAPP,RES,RES1,IRIR,IRPP,TOR,RSH2,RMT1,RWO,RWO1,RTDN,FW,FW1,FWCN,BP1,PLFL
7.93889235337672,48.9532465620493,28225,MR,RW,MO99,LH,DU99,H,1.0,YAPP,RES,RES2,IRIR,IRPP,TOR,RSH2,RMT1,RWO,RWO1,RTDN,FN,FT99,FWC99,BP1,PLFL
7.9345068327158,48.9567554599627,28227,MUR,MUN99,MO99,LO,DU99,H,1.0,YAPP,RES,OCCDT99,IRRE,IRP99,IRN,RSH2,RMT1,RWO,RWO1,RTDN,FN,FT99,FWC99,BP1,PLFR
7.91984207486631,48.8962122245989,28257,MR,RW,MO99,LH,DU99,H,1.0,YAPP,RES,OCCDT99,IRRE,IRP99,IRN,RSH2,RMT1,RWO,RWO1,RTDN,FN,FT99,FWC99,BP1,PLFR
7.91933236836242,48.8979308755415,28302,MUR,CLBRH,MOC,LO,DU99,H,1.0,YAPP,VAC,OCCDT99,IRRE,IRP99,IRN,RSH1,RMN,RC,RC1,RTDN,FN,FT99,FWC99,BPD,PLFR
7.91908352906635,48.898050677432,28304,MUR,MUN99,MO99,LO,DU99,H,1.0,YAPP,VAC,OCCDT99,IRRE,IRP99,IRN,RSH5,RMT1,RWO,RWO1,RTDN,FN,FT99,FWC99,BP1,PLFR
7.91915815334438,48.8979976956838,28307,MUR,CLBRS,MOC,LO,DU99,H,1.0,YAPP,RES,OCCDT99,IRRE,IRP99,IRN,RSH2,RMT1,RWO,RWO1,RTDN,FN,FT99,FWC99,BP2,PLFR
7.9197040490947,48.8974191203493,28318,MUR,MUN99,MO99,LO,DU99,H,2.0,YAPP,RES,OCCDT99,IRRE,IRP99,IRN,RSH2,RMT1,RWO,RWO1,RTDN,FC,FC1,FWCN,BP1,PLFR
7.92062206909043,48.8983276768557,28343,MR,RW,MO99,LH,DU99,H,3.0,YAPP,RES,RES1,IRRE,IRP99,IRN,RSH2,RMT1,RWO,RWO1,RTDN,FW,FW1,FWCN,BP1,PLFR
7.91940516852152,48.8984954684594,28359,MR,RW,MO99,LH,DU99,H,3.0,YAPP,RES,RES1,IRRE,IRP99,IRN,RSH2,RMT1,RWO,RWO1,RTDN,FW,FW1,FWCN,BP1,PLFR
7.92362505263714,48.896634242005,28375,MUR,MUN99,MO99,LO,DU99,H,2.0,YAPP,RES,RES1,IRRE,IRP99,IRN,RSH2,RMT1,RWO,RWO1,RTDP,FC,FC1,FWCP,BPD,PLFR
7.92212042689434,48.8971865349223,28377,W,WLI,MON,LO,DU99,H,1.0,YAPP,AGR,OCCDT99,IRRE,IRP99,IRN,RSH2,RMT1,RWO,RWO1,RTDN,FN,FT99,FWC99,BP1,PLFR
7.9189173665722,48.896635145816,28414,MUR,CLBRS,MOC,LO,DU99,H,1.0,YAPP,RES,OCCDT99,IRRE,IRP99,IRN,RSH3,RMT1,RWO,RWO1,RTDN,FN,FT99,FWC99,BP1,PLFR
7.91975860013529,48.8964355378689,28442,MUR,MUN99,MO99,LO,DU99,H,1.0,YAPP,RES,OCCDT99,IRRE,IRP99,IRN,RSH2,RMT1,RWO,RWO1,RTDN,FN,FT99,FWC99,BP3,PLFR
7.92149007402168,48.896701150183,28456,MUR,MUN99,MO99,LO,DU99,H,2.0,YAPP,RES,RES1,IRRE,IRP99,IRN,RSH4,RMT1,RWO,RWO1,RTDP,FW,FW1,FWCN,BPD,PLFR
7.91887367334134,48.8969283329329,28469,MR,RW,MO99,LH,DU99,H,1.0,YAPP,RES,OCCDT99,IRRE,IRP99,IRN,RSH2,RMT1,RWO,RWO1,RTDN,FN,FT99,FWC99,BP1,PLFR
7.92145352700443,48.8979092198271,28521,MUR,MUN99,MO99,LO,DU99,H,2.0,YAPP,RES,RES1,IRRE,IRP99,IRN,RSH2,RMT1,RWO,RWO1,RTDP,FW,FW1,FWCP,BPD,PLFR
7.9224072396571,48.8972523333333,28529,MUR,MUN99,MO99,LO,DU99,H,1.0,YAPP,RES,RES1,IRRE,IRP99,IRN,RSH2,RMT1,RWO,RWO1,RTDP,FN,FT99,FWC99,BPD,PLFR
7.92491484169884,48.8979118125268,28540,MUR,MUN99,MO99,LO,DU99,H,2.0,YAPP,RES,RES1,IRRE,IRP99,IRN,RSH2,RMT1,RWO,RWO1,RTDN,FW,FW1,FWCN,BPD,PLFR
7.92490867952267,48.8964476868518,28557,CR,CIP,MOC,LFINF,DUC,H,2.0,YAPP,RES,RES1,IRRE,IRP99,IRN,RSH2,RMT1,RWO,RWO1,RTDP,FC,FC2,FWCP,BPD,PLFR
7.92397872397029,48.8961602273689,28589,MUR,MUN99,MO99,LO,DU99,H,2.0,YAPP,RES,RES1,IRRE,IRP99,IRN,RSH2,RMT1,RWO,RWO1,RTDP,FW,FW1,FWCN,BPD,PLFR
7.92327437103625,48.8966566870578,28616,MUR,MUN99,MO99,LO,DU99,H,2.0,YAPP,RES,RES1,IRRE,IRP99,IRN,RSH3,RMT1,RWO,RWO1,RTDP,FW,FW1,FWCN,BPD,PLFR
7.92332413012892,48.8981793328521,28663,MUR,MUN99,MO99,LO,DU99,H,2.0,YAPP,RES,RES1,IRRE,IRP99,IRN,RSH2,RMT1,RWO,RWO1,RTDN,FW,FW1,FWCN,BPD,PLFR
7.91883522511832,48.8980976503497,28671,MR,RW,MO99,LH,DU99,H,1.0,YAPP,RES,RES2,IRRE,IRP99,IRN,RSH2,RMT1,RWO,RWO1,RTDN,FN,FT99,FWC99,BP1,PLFR
7.91809032449285,48.8982381168085,28676,MUR,MUN99,MO99,LO,DU99,H,3.0,YAPP,RES,RES2,IRIR,IRPP,TOR,RSH2,RMT1,RWO,RWO1,RTDP,FW,FW1,FWCN,BP2,PLFL
7.91775439365981,48.8990629079079,28710,MR,RW,MO99,LH,DU99,H,1.0,YAPP,RES,OCCDT99,IRIR,IRPP,TOR,RSH2,RMT1,RWO,RWO1,RTDN,FN,FT99,FWC99,BP2,PLFL
7.91810833293997,48.8995094271449,28729,MUR,MUN99,MO99,LO,DU99,H,2.0,YAPP,RES,RES1,IRRE,IRP99,IRN,RSH2,RMT1,RWO,RWO1,RTDP,FC,FC1,FWCP,BPD,PLFR
7.91704430893097,48.8988740794195,28737,MR,RW,MO99,LH,DU99,H,2.0,YAPP,COM,MIX2,IRRE,IRP99,IRN,RSH2,RMT1,RWO,RWO1,RTDP,FW,FW1,FWCN,BP1,PLFR
7.91692618402342,48.8992917256378,28743,MUR,MUN99,MO99,LO,DU99,H,1.0,YAPP,COM,EDU2,IRIR,IRPP,TOR,RSH3,RMT1,RWO,RWO1,RTDP,FN,FT99,FWC99,BP1,PLFL
7.91699723879854,48.8993613862153,28750,MUR,MUN99,MO99,LO,DU99,H,1.0,YAPP,COM,EDU2,IRIR,IRPP,TOR,RSH3,RMT1,RWO,RWO1,RTDP,FN,FT99,FWC99,BP1,PLFL
7.91645002640264,48.8989536881188,28760,MR,RW,MO99,LH,DU99,H,2.0,YAPP,COM,MIX2,IRRE,IRP99,IRN,RSH2,RMT1,RWO,RWO1,RTDP,FW,FW1,FWCN,BP1,PLFR
7.91572777498372,48.8991591664225,28771,MR,RW,MO99,LH,DU99,H,3.0,YAPP,RES,RES1,IRRE,IRP99,IRN,RSH2,RMT1,RWO,RWO1,RTDN,FW,FW1,FWCN,BP1,PLFR
7.91548717461646,48.8992463058041,28795,MR,RW,MO99,LH,DU99,H,2.0,YAPP,RES,RES1,IRRE,IRP99,IRN,RSH2,RMT1,RWO,RWO1,RTDP,FW,FW1,FWCN,BP1,PLFR
7.91517330575739,48.8992282771038,28798,MR,RW,MO99,LH,DU99,H,3.0,YAPP,RES,RES2,IRRE,IRP99,IRN,RSH2,RMT1,RWO,RWO1,RTDP,FW,FW1,FWCN,BP1,PLFR
7.91492310603112,48.8988680568758,28854,MUR,MUN99,MO99,LO,DU99,H,1.0,YAPP,RES,RES1,IRRE,IRP99,IRN,RSH2,RMT1,RWO,RWO1,RTDN,FN,FT99,FWC99,BP2,PLFR
7.91434523590274,48.8991477716848,28861,MR,RW,MO99,LH,DU99,H,2.0,YAPP,RES,RES1,IRRE,IRP99,IRN,RSH2,RMT1,RWO,RWO1,RTDP,FW,FW1,FWCN,BP1,PLFR
7.91408674914222,48.8992572171195,28878,MR,RW,MO99,LH,DU99,H,3.0,YAPP,RES,RES1,IRRE,IRP99,IRN,RSH2,RMT1,RWO,RWO1,RTDP,FW,FW1,FWCN,BPD,PLFR
7.91385839204601,48.8990121145864,28881,MAT99,MATT99,MO99,L99,DU99,H99,99.0,Y99,OC99,OCCDT99,IR99,IRP99,IRT99,R99,RMT99,RSM99,RST99,RCN99,F99,FT99,FWC99,BP99,PLF99
7.91339095698925,48.8991851657605,28882,MUR,MUN99,MO99,LO,DU99,H,1.0,YAPP,RES,RES2,IRRE,IRP99,IRN,RSH2,RMT1,RWO,RWO1,RTDP,FC,FC1,FWCN,BP1,PLFR
7.91386891474574,48.8985634120539,28884,MUR,MO,MO99,LO,DU99,H,2.0,YAPP,RES,RES2,IRRE,IRP99,IRN,RSH4,RMT1,RWO,RWO1,RTDN,FW,FW1,FWCN,BPD,PLFR
7.91319606188159,48.8992559189841,28888,MR,RW,MO99,LH,DU99,H,2.0,YAPP,RES,RES1,IRRE,IRP99,IRN,RSH2,RMT1,RWO,RWO1,RTDP,FW,FW1,FWCN,BP1,PLFR
7.91421796053165,48.8981802027717,28896,MUR,MUN99,MO99,LO,DU99,H,1.0,YAPP,RES,RES1,IRIR,IRPP,TOR,RSH3,RMT1,RWO,RWO1,RTDP,FN,FT99,FWC99,BPD,PLFL
7.91258299638867,48.8986895010392,28945,MUR,CBH,MOC,LO,DU99,H,1.0,YAPP,RES,RES1,IRRE,IRP99,IRN,RSH2,RMT1,RWO,RWO1,RTDP,FN,FT99,FWC99,BP1,PLFR
7.91690109175802,48.8973991483557,29006,MUR,MUN99,MO99,LO,DU99,H,2.0,YAPP,RES,RES1,IRIR,IRPP,TOR,RSH3,RMT1,RWO,RWO1,RTDP,FW,FW1,FWCN,BPD,PLFL
7.91514322483384,48.895484340192,29097,CR,CIP,MOC,LFINF,DUC,H,2.0,YAPP,RES,RES1,IRRE,IRP99,IRN,RSH3,RMT1,RWO,RWO1,RTDP,FC,FC2,FWCP,BPD,PLFR
7.92166957001781,48.894015348713,29127,CR,CIP,MOC,LFINF,DUC,H,1.0,YAPP,RES,COM7,IRRE,IRP99,IRN,RSH1,RMN,RC,RC1,RTDP,FN,FT99,FWC99,BP2,PLFR
7.91933486533351,48.8945500245284,29146,MUR,CBH,MOC,LO,DU99,H,2.0,YAPP,RES,RES1,IRRE,IRP99,IRN,RSH4,RMT1,RWO,RWO1,RTDN,FW,FW1,FWCN,BPD,PLFR
7.91935761602767,48.8948200936389,29150,MUR,MUN99,MO99,LO,DU99,H,1.0,YAPP,RES,OCCDT99,IRRE,IRP99,IRN,RSH1,RMT6,RWO,RWO1,RTDN,FN,FT99,FWC99,BP1,PLFR
7.91707765421663,48.8929933589906,29181,S,S99,SC99,LFBR,DUC,H,1.0,YAPP,IND,OCCDT99,IRRE,IRP99,IRN,RSH2,RMT6,RME,RME1,RTDP,FN,FT99,FWC99,BPD,PLFU
7.92124577697585,48.8945493422714,29232,MUR,MUN99,MO99,LO,DU99,H,2.0,YAPP,RES,RES1,IRRE,IRP99,IRN,RSH2,RMT1,RWO,RWO1,RTDP,FW,FW1,FWCN,BPD,PLFR
7.92013381231423,48.8926583471338,29236,MUR,MUN99,MO99,LO,DU99,H,1.0,YAPP,RES,OCCDT99,IRRE,IRP99,IRN,RSH2,RMT1,RWO,RWO1,RCN99,FN,FT99,FWC99,BP3,PLFR
7.9202806976431,48.8925637647587,29240,MUR,CLBRH,MO99,LO,DU99,H,1.0,YAPP,RES,OCCDT99,IRRE,IRP99,IRN,RSH5,RMT6,RWO,RWO1,RTDN,FN,FT99,FWC99,BPD,PLFR
7.9196288962764,48.8920706024177,29258,MUR,MUN99,MO99,LO,DU99,H,1.0,YAPP,RES,COM7,IRRE,IRP99,IRN,RSH5,RMT1,RWO,RWO1,RTDN,FN,FT99,FWC99,BPD,PLFR
7.91867425239053,48.8921326142906,29275,MUR,MUN99,MO99,LO,DU99,H,2.0,YAPP,RES,RES1,IRRE,IRP99,IRN,RSH4,RMT1,RWO,RWO1,RTDP,FW,FW1,FWCN,BPD,PLFT
7.92298978630454,48.8932304394305,29362,MUR,MUN99,MO99,LO,DU99,H,1.0,YAPP,RES,RES1,IRRE,IRP99,IRN,RSH2,RMT1,RWO,RWO1,RTDN,FN,FT99,FWC99,BPD,PLFR
7.92430373739632,48.8928631205484,29375,MUR,MUN99,MO99,LO,DU99,H,2.0,YAPP,RES,RES1,IRRE,IRP99,IRN,RSH2,RMT1,RWO,RWO1,RTDP,FW,FW1,FWCN,BPD,PLFR
7.92563003703704,48.8928853580247,29383,CR,CIP,MOC,LFINF,DUC,H,2.0,YAPP,RES,RES1,IRRE,IRP99,IRN,RSH2,RMT1,RWO,RWO1,RTDP,FC,FC2,FWCP,BPD,PLFR
7.92684380364312,48.8918190903589,29420,MUR,MUN99,MO99,LO,DU99,H,2.0,YAPP,RES,RES1,IRRE,IRP99,IRN,RSH3,RMT1,RWO,RWO1,RTDP,FW,FW1,FWCN,BPD,PLFT
7.92838938060501,48.8931183812644,29430,MAT99,MATT99,MO99,L99,DU99,H99,99.0,Y99,OC99,OCCDT99,IR99,IRP99,IRT99,R99,RMT99,RSM99,RST99,RCN99,F99,FT99,FWC99,BP99,PLF99
7.92720106602134,48.8923953507074,29431,MUR,MUN99,MO99,LO,DU99,H,2.0,YAPP,RES,RES2,IRRE,IRP99,IRN,RSH4,RMT1,RWO,RWO1,RTDP,FC,FC1,FWCP,BPD,PLFR
7.9112406276663,48.8971063471988,29442,CR,CIP,MOC,LFINF,DUC,H,5.0,YAPP,RES,RES2,IRRE,IRP99,IRN,RSH2,RMT1,RWO,RWO1,RTDP,FC,FC2,FWCP,BPD,PLFR
7.90947600057923,48.8972854999536,29488,MUR,MUN99,MO99,LO,DU99,H,2.0,YAPP,RES,RES1,IRRE,IRP99,IRN,RSH4,RMT1,RWO,RWO1,RTDP,FC,FC2,FWCP,BPD,PLFR
7.91036322240279,48.8972165507448,29490,MAT99,MATT99,MO99,L99,DU99,H99,99.0,Y99,OC99,OCCDT99,IR99,IRP99,IRT99,R99,RMT99,RSM99,RST99,RCN99,F99,FT99,FWC99,BP99,PLF99
7.90706885376478,48.8959847027588,29532,MUR,CLBRS,MOCL,LO,DU99,H,2.0,YAPP,RES,OCCDT99,IRRE,IRP99,IRN,RSH2,RMT1,RWO,RWO1,RTDP,FW,FW1,FWCN,BP2,PLFR
7.90572078999295,48.8985519288231,29597,MUR,CLBRS,MOL,LO,DU99,H,1.0,YAPP,RES,OCCDT99,IRRE,IRP99,IRN,RSH2,RMT1,RWO,RWO1,RTDN,FN,FT99,FWC99,BP2,PLFR
7.92313366210808,48.8985265870828,29611,MUR,MUN99,MO99,LO,DU99,H,1.0,YAPP,RES,RES1,IRRE,IRP99,IRN,RSH2,RMT1,RWO,RWO1,RTDN,FN,FT99,FWC99,BP1,PLFR
7.90569935517847,48.8976691860737,29624,MUR,MUN99,MO99,LO,DU99,H,2.0,YAPP,RES,RES1,IRRE,IRP99,IRN,RSH4,RMT1,RWO,RWO1,RTDN,FW,FW1,FWCN,BPD,PLFR
7.91753684462982,48.9000932954467,29670,MUR,MUN99,MO99,LO,DU99,H,2.0,YAPP,OCO,RES1,IRRE,IRP99,IRN,RSH2,RMT1,RWO,RWO1,RTDN,FW,FW1,FWCN,BP1,PLFR
7.91862,48.899904,29683,MUR,MUN99,MO99,LO,DU99,H,1.0,YAPP,RES,RES1,IRRE,IRP99,IRN,RSH2,RMT1,RWO,RWO1,RTDP,FN,FT99,FWC99,BPD,PLFR
7.92012144308529,48.8992526428814,29702,MR,RW,MO99,LH,DU99,H,1.0,YAPP,RES,OCCDT99,IRRE,IRP99,IRN,RSH2,RMT1,RWO,RWO1,RTDN,FN,FT99,FWC99,BP1,PLFR
7.920000990995,48.8992349720011,29710,MR,RW,MO99,LH,DU99,H,1.0,YAPP,RES,OCCDT99,IRRE,IRP99,IRN,RSH2,RMT1,RWO,RWO1,RTDN,FN,FT99,FWC99,BP1,PLFR
7.9133830652834,48.8996583590137,29759,MR,RW,MO99,LH,DU99,H,1.0,YAPP,RES,OCCDT99,IRRE,IRP99,IRN,RSH2,RMT1,RWO,RWO1,RTDN,FN,FT99,FWC99,BP1,PLFR
7.9114444331972,48.8991691078374,29784,MUR,MUN99,MO99,LO,DU99,H,1.0,YAPP,RES,OCCDT99,IRRE,IRP99,IRN,RSH2,RMT1,RWO,RWO1,RTDN,FN,FT99,FWC99,BP1,PLFR
7.9113820982906,48.8991852905983,29785,MUR,MUN99,MO99,LO,DU99,H,2.0,YAPP,RES,RES1,IRRE,IRP99,IRN,RSH2,RMT1,RWO,RWO1,RTDN,FW,FW1,FWCN,BP1,PLFR
7.91198948059151,48.8985421918506,29793,MUR,MUN99,MO99,LO,DU99,H,1.0,YAPP,RES,RES2,IRRE,IRP99,IRN,RSH2,RMT1,RWO,RWO1,RTDP,FN,FT99,FWC99,BP1,PLFR
7.91198078653397,48.8989278812678,29799,MUR,MUN99,MO99,LO,DU99,H,3.0,YAPP,MIX,MIX2,IRRE,IRP99,IRN,RSH2,RMT1,RWO,RWO1,RTDP,FC,FC1,FWCN,BPD,PLFT
7.91049876635337,48.8989475508402,29804,MUR,MUN99,MO99,LO,DU99,H,2.0,YAPP,RES,RES1,IRRE,IRP99,IRN,RSH4,RMT1,RWO,RWO1,RTDP,FW,FW1,FWCN,BP1,PLFR
7.90993243733955,48.8990183450858,29813,MUR,MUN99,MO99,LO,DU99,H,1.0,YAPP,RES,OCCDT99,IRRE,IRP99,IRN,RSH2,RMT1,RWO,RWO1,RTDN,FN,FT99,FWC99,BP1,PLFR
7.90757134841629,48.8991163031674,29831,MR,RW,MO99,LH,DU99,H,1.0,YAPP,RES,RES1,IRRE,IRP99,IRN,RSH2,RMT1,RWO,RWO1,RTDN,FN,FT99,FWC99,BP1,PLFR
7.90592520836696,48.8990771168953,29870,W,WLI,MON,LO,DU99,H,1.0,YAPP,RES,OCCDT99,IRRE,IRP99,IRN,RSH2,RMT1,RWO,RWO1,RTDN,FN,FT99,FWC99,BP1,PLFR
7.90512359881277,48.8989449589237,29898,MR,RW,MO99,LH,DU99,H,1.0,YAPP,RES,OCCDT99,IRRE,IRP99,IRN,RSH2,RMT1,RWO,RWO1,RTDN,FN,FT99,FWC99,BP2,PLFR
7.9033095,48.899052,29919,MR,RW,MO99,LH,DU99,H,2.0,YAPP,RES,RES2,IRRE,IRP99,IRN,RSH2,RMT1,RWO,RWO1,RTDP,FW,FW1,FWCN,BP2,PLFR
7.90373642288984,48.8989395408679,29942,MR,RW,MO99,LH,DU99,H,2.0,YAPP,RES,RES1,IRRE,IRP99,IRN,RSH2,RMT1,RWO,RWO1,RTDP,FW,FW1,FWCN,BP1,PLFR
7.90323249060203,48.8993120137801,29947,MAT99,MATT99,MO99,L99,DU99,H99,99.0,Y99,OC99,OCCDT99,IR99,IRP99,IRT99,R99,RMT99,RSM99,RST99,RCN99,F99,FT99,FWC99,BP99,PLF99
7.90335213922252,48.8983040371949,30031,MUR,CLBRS,MOL,LO,DU99,H,1.0,YAPP,RES,OCCDT99,IRRE,IRP99,IRN,RSH2,RMT1,RWO,RWO1,RTDN,FN,FT99,FWC99,BP2,PLFR
7.90333682421692,48.8984811157862,30045,MUR,MUN99,MO99,LO,DU99,H,2.0,YAPP,RES,RES1,IRRE,IRP99,IRN,RSH2,RMT1,RWO,RWO1,RTDP,FC,FC1,FWCN,BP2,PLFR
7.90346768854897,48.8968468555134,30088,MUR,MUN99,MO99,LO,DU99,H,2.0,YAPP,RES,RES2,IRRE,IRP99,IRN,RSH3,RMT1,RWO,RWO1,RTDP,FC,FC1,FWCP,BP1,PLFR
7.90346921826068,48.8969108246367,30094,MUR,MUN99,MO99,LO,DU99,H,2.0,YAPP,RES,RES2,IRRE,IRP99,IRN,RSH3,RMT1,RWO,RWO1,RTDP,FC,FC1,FWCN,BP1,PLFR
7.9021855,48.89651,30116,MUR,MUN99,MO99,LO,DU99,H,2.0,YAPP,RES,RES2,IRRE,IRP99,IRN,RSH2,RMT1,RWO,RWO1,RTDP,FW,FW1,FWCN,BP1,PLFR
7.90232358987385,48.8975048509047,30137,MUR,CLBRS,MOL,LO,DU99,H,2.0,YAPP,RES,OCCDT99,IRRE,IRP99,IRN,RSH2,RMT1,RWO,RWO1,RTDN,FW,FW1,FWCN,BP1,PLFR
7.90040450501201,48.8992577765538,30163,MUR,MUN99,MO99,LO,DU99,H,1.0,YAPP,EDU,EDU2,IRRE,IRP99,IRN,RSH2,RMT1,RWO,RWO1,RTDP,FN,FT99,FWC99,BP1,PLFR
7.90009345571054,48.8992567409839,30171,MUR,MUN99,MO99,LO,DU99,H,1.0,YAPP,EDU,EDU2,IRRE,IRP99,IRN,RSH2,RMT1,RWO,RWO1,RTDP,FN,FT99,FWC99,BP2,PLFR
7.899432,48.898862,30177,MR,RW,MO99,LH,DU99,H,2.0,YAPP,RES,RES1,IRRE,IRP99,IRN,RSH2,RMT1,RWO,RWO1,RTDN,FW,FW1,FWCN,BPD,PLFR
7.8983784977169,48.8987872739726,30204,MR,RW,MO99,LH,DU99,H,2.0,YAPP,RES,RES1,IRRE,IRP99,IRN,RSH4,RMT1,RWO,RWO1,RTDP,FW,FW1,FWCN,BP1,PLFR
7.89970182175576,48.8985706801155,30310,MR,RW,MO99,LH,DU99,H,3.0,YAPP,RES,RES2,IRRE,IRP99,IRN,RSH2,RMT1,RWO,RWO1,RTDP,FW,FW1,FWCN,BP1,PLFR
7.89820547585548,48.8985398840273,30318,MUR,CLBRS,MOC,LO,DU99,H,3.0,YAPP,RES,RES2,IRRE,IRP99,IRN,RSH2,RMT1,RWO,RWO1,RTDP,FC,FC1,FWCN,BP1,PLFR
7.89227012235875,48.8983882243199,30394,MUR,MUN99,MO99,LO,DU99,H,1.0,YAPP,RES,MIX3,IRRE,IRP99,IRN,RSH2,RMT1,RWO,RWO1,RTDP,FN,FT99,FWC99,BP1,PLFR
7.89365145492734,48.8989902036785,30417,MUR,MUN99,MO99,LO,DU99,H,1.0,YAPP,RES,RES2,IRRE,IRP99,IRN,RSH2,RMT1,RWO,RWO1,RTDP,FN,FT99,FWC99,BP2,PLFR
7.89310499190241,48.8996580754255,30453,MUR,CLBRS,MOCL,LO,DU99,H,1.0,YAPP,RES,RES1,IRRE,IRP99,IRN,RSH3,RMT1,RWO,RWO1,RTDP,FN,FT99,FWC99,BPD,PLFR
7.89358172411368,48.8997322232694,30459,MUR,MUN99,MO99,LO,DU99,H,2.0,YAPP,RES,RES1,IRRE,IRP99,IRN,RSH2,RMT1,RWO,RWO1,RCN99,F99,FT99,FWC99,BP99,PLF99
7.8969425,48.898924,30484,MUR,MUN99,MO99,LO,DU99,H,2.0,YAPP,RES,RES1,IRRE,IRP99,IRN,RSH4,RMT1,RWO,RWO1,RTDP,FW,FW1,FWCN,BPD,PLFR
7.90183375406954,48.9004245423969,30516,MR,RW,MO99,LH,DU99,H,2.0,YAPP,RES,RES2,IRRE,IRP99,IRN,RSH4,RMT1,RWO,RWO1,RTDP,FW,FW1,FWCN,BP1,PLFR
7.90131269693497,48.9005483410528,30536,MR,RW,MO99,LH,DU99,H,2.0,YAPP,RES,RES1,IRRE,IRP99,IRN,RSH4,RMT1,RWO,RWO1,RTDP,FW,FW1,FWCN,BPD,PLFR
7.89953162628056,48.9019721472915,30551,MUR,MUN99,MO99,LO,DU99,H,2.0,YAPP,AGR,OCCDT99,IRRE,IRP99,IRN,RSH2,RMT1,RWO,RWO1,RTDN,FW,FW1,FWCN,BPD,PLFR
7.90146611986915,48.900680724229,30574,CR,CIP,MOC,LFINF,DUC,H,1.0,YAPP,RES,COM7,IRRE,IRP99,IRN,RSH2,RMT1,RWO,RWO1,RTDP,FN,FT99,FWC99,BP1,PLFR
7.90229223691256,48.9007075792221,30578,MUR,CLBRH,MOC,LO,DU99,H,2.0,YAPP,RES,RES2,IR99,IRP99,IRT99,RSH2,RMT1,RWO,RWO1,RTDN,FC,FC1,FWCN,BP2,PLFR
7.90189594975973,48.9008939018467,30585,MUR,CBS,MOCL,LO,DU99,H,2.0,YAPP,RES,RES1,IRRE,IRP99,IRN,RSH5,RMT1,RWO,RWO1,RTDN,FW,FME1,FWCN,BP1,PLFR
7.90184051213246,48.9013340209344,30644,MUR,MUN99,MO99,LO,DU99,H,2.0,YAPP,RES,OCCDT99,IRRE,IRP99,IRN,RSH2,RMT1,RWO,RWO1,RTDN,FN,FT99,FWC99,BP1,PLFR
7.90152891086733,48.9020928525883,30658,MUR,MUN99,MO99,LO,DU99,H,3.0,YAPP,RES,RES2,IRRE,IRP99,IRN,RSH2,RMT1,RWO,RWO1,RTDP,FC,FC1,FWCN,BP1,PLFR
7.90210255657578,48.9040352399401,30687,MUR,CLBRH,MOC,LO,DU99,H,2.0,YAPP,RES,RES1,IRRE,IRP99,IRN,RSH2,RMT1,RWO,RWO1,RTDP,FC,FC1,FWCN,BPD,PLFR
7.90138406574506,48.8969823111504,30732,MR,RW,MO99,LH,DU99,H,2.0,YAPP,RES,RES2,IRRE,IRP99,IRN,RSH4,RMT1,RWO,RWO1,RTDP,FW,FW1,FWCN,BP1,PLFR
7.89997298832776,48.8975898781926,30753,MR,RW,MO99,LH,DU99,H,2.0,YAPP,RES,RES1,IRRE,IRP99,IRN,RSH2,RMT1,RWO,RWO1,RTDP,FW,FW1,FWCN,BP2,PLFR
7.89913307088711,48.8955612083589,30782,MUR,CLBRS,MOCL,LO,DU99,H,1.0,YAPP,IND,OCCDT99,IRRE,IRP99,IRN,RSH2,RMT6,RME,RME1,RTDN,FN,FT99,FWC99,BP1,PLFR
7.9012719914444,48.8954319222011,30784,MUR,STRUB,MOCL,LO,DU99,H99,99.0,YAPP,RES,OCCDT99,IRRE,IRP99,IRN,RSH2,RMT1,RWO,RWO1,RTDN,FW,FW1,FWCN,BPD,PLFR
7.92236407170376,48.894096800991,30794,MUR,MUN99,MO99,LO,DU99,H,1.0,YAPP,RES,RES1,IRIR,IRPP,TOR,RSH2,RMT1,RWO,RWO1,RTDP,FN,FT99,FWC99,BPD,PLFL
7.92281044548484,48.894060136047,30800,CR,CIP,MOC,LFINF,DUC,H,2.0,YAPP,RES,RES1,IRRE,IRP99,IRN,RSH4,RMT1,RWO,RWO1,RTDP,FC,FC2,FWCP,BPD,PLFR
7.92222658064516,48.8945344387097,30802,CR,CIP,MOC,LFINF,DUC,H,2.0,YAPP,RES,RES1,IRRE,IRP99,IRN,RSH2,RMT1,RWO,RWO1,RTDP,FC,FC2,FWCP,BPD,PLFT
7.92186984824169,48.895220450694,30806,MUR,MUN99,MO99,LO,DU99,H,2.0,YAPP,RES,RES1,IRRE,IRP99,IRN,RSH2,RMT1,RWO,RWO1,RTDP,FC,FC1,FWCN,BPD,PLFR
7.92202030352861,48.8953768443816,30809,MUR,MUN99,MO99,LO,DU99,H,1.0,YAPP,RES,RES1,IRRE,IRP99,IRN,RSH2,RMT1,RWO,RWO1,RTDP,FN,FT99,FWC99,BP99,PLF99
7.92237762749965,48.8950491132258,30816,MUR,MUN99,MO99,LO,DU99,H,2.0,YAPP,RES,RES1,IRRE,IRP99,IRN,RSH2,RMT1,RWO,RWO1,RTDP,FC,FC1,FWCN,BPD,PLFT
7.9215754186747,48.8943623242972,30850,CR,CIP,MOC,LFINF,DUC,H,2.0,YAPP,RES,RES1,IRRE,IRP99,IRN,RSH2,RMT1,RWO,RWO1,RTDP,FC,FC2,FWCP,BPD,PLFR
7.92008440639488,48.8953404755662,30861,MUR,MUN99,MO99,LO,DU99,H,1.0,YAPP,RES,RES1,IRRE,IRP99,IRN,RSH2,RMT1,RWO,RWO1,RTDN,FN,FT99,FWC99,BP2,PLFR
7.91998906335728,48.8956723408085,30868,MR,RW,MO99,LH,DU99,H,2.0,YAPP,RES,RES1,IRRE,IRP99,IRN,RSH2,RMT1,RWO,RWO1,RTDP,FW,FW1,FWCN,BPD,PLFR
7.90393546806493,48.8954520655022,30920,MUR,MUN99,MO99,LO,DU99,H,2.0,YAPP,RES,RES1,IRRE,IRP99,IRN,RSH3,RMT1,RWO,RWO1,RTDP,FC,FC1,FWCN,BP1,PLFR
7.90060445185185,48.8946332148148,30942,MAT99,MATT99,MO99,L99,DU99,H99,99.0,Y99,OC99,OCCDT99,IR99,IRP99,IRT99,R99,RMT99,RSM99,RST99,RCN99,F99,FT99,FWC99,BP99,PLF99
7.9009175019489,48.8949496523748,30952,MUR,MUN99,MO99,LO,DU99,H,2.0,YAPP,RES,RES1,IRRE,IRP99,IRN,RSH3,RMT1,RWO,RWO1,RTDP,FC,FC1,FWCN,BP99,PLF99
7.89916197081565,48.8940312730212,30983,CR,CIP,MOC,LFINF,DUC,H,1.0,YAPP,RES,RES1,IRRE,IRP99,IRN,RSH2,RMT1,RWO,RWO1,RTDP,FC,FC2,FWCP,BPD,PLFR
7.89782370851577,48.8938365759935,30995,MUR,MUN99,MO99,LO,DU99,H,1.0,YAPP,RES,COM7,IRRE,IRP99,IRN,RSH1,RMN,RC,RC1,RTDP,FN,FT99,FWC99,BP1,PLFR
7.89775136862056,48.893771471599,31003,MUR,MUN99,MO99,LO,DU99,H,2.0,YAPP,RES,RES1,IRRE,IRP99,IRN,RSH2,RMT1,RWO,RWO1,RTDP,FW,FW1,FWCN,BP1,PLFR
7.89933058328021,48.8932407603735,31010,MUR,MUN99,MO99,LO,DU99,H,2.0,YAPP,RES,RES1,IRRE,IRP99,IRN,RSH2,RMT99,RWO,RWO1,RTDP,FW,FW1,FWCN,BPD,PLFR
7.89934458052161,48.8924011104582,31077,MUR,MUN99,MO99,LO,DU99,H,1.0,YAPP,RES,RES2,IRRE,IRP99,IRN,RSH3,RMT1,RWO,RWO1,RTDP,FN,FT99,FWC99,BPD,PLFR
7.89906065732219,48.8924225695489,31088,MUR,MUN99,MO99,LO,DU99,H,1.0,YAPP,RES,RES1,IRRE,IRP99,IRN,RSH2,RMT1,RWO,RWO1,RTDP,FN,FT99,FWC99,BPD,PLFR
7.8991485293908,48.8916568761449,31120,MUR,MUN99,MO99,LO,DU99,H,2.0,YAPP,RES,OCCDT99,IRRE,IRP99,IRN,RSH2,RMT1,RWO,RWO1,RTDP,FW,FW1,FWCN,BPD,PLFR
7.89954446942653,48.8914119244454,31124,MUR,MUN99,MO99,LO,DU99,H,2.0,YAPP,RES,RES1,IRIR,IRPP,TOR,RSH2,RMT1,RWO,RWO1,RTDP,FW,FW1,FWCN,BPD,PLFL
7.90139412631446,48.8921063893323,31163,MUR,MUN99,MO99,LO,DU99,H,2.0,YAPP,RES,OCCDT99,IRRE,IRP99,IRN,RSH2,RMT1,RWO,RWO1,RTDP,FC,FC1,FWCN,BP2,PLFR
7.9007616722811,48.8928656656814,31187,MUR,MUN99,MO99,LO,DU99,H,2.0,YAPP,RES,RES1,IRRE,IRP99,IRN,RSH2,RMT1,RWO,RWO1,RTDP,FW,FW1,FWCN,BPD,PLFR
7.90075071698744,48.8933062172958,31199,MUR,MUN99,MO99,LO,DU99,H,2.0,YAPP,RES,RES1,IRRE,IRP99,IRN,RSH2,RMT1,RWO,RWO1,RTDP,FW,FW1,FWCN,BPD,PLFR
7.87634202874966,48.9017332541362,31208,MUR,MUN99,MO99,LO,DU99,H,1.0,YAPP,RES,RES1,IRRE,IRP99,IRN,RSH2,RMT1,RWO,RWO1,RTDP,FN,FT99,FWC99,BP1,PLFR
7.87680428302987,48.9014609799961,31233,MUR,CLBRS,MOCL,LO,DU99,H,1.0,YAPP,AGR,OCCDT99,IRRE,IRP99,IRN,RSH2,RMT1,RWO,RWO1,RTDP,FN,FT99,FWC99,BP2,PLFR
7.87718155073617,48.9014997050007,31245,MUR,MUN99,MO99,LO,DU99,H,1.0,YAPP,VAC,OCCDT99,IRRE,IRP99,IRN,RSH2,RMT1,RWO,RWO1,RTDN,FN,FT99,FWC99,BPD,PLFR
7.87844163168431,48.9017610274545,31256,MUR,MUN99,MO99,LO,DU99,H,2.0,YAPP,RES,RES1,IRRE,IRP99,IRN,RSH2,RMT1,RWO,RWO1,RTDP,FW,FW1,FWCP,BPD,PLFR
7.878861,48.9008365,31313,MUR,MUN99,MO99,LO,DU99,H,2.0,YAPP,RES,RES2,IRRE,IRP99,IRN,RSH2,RMT1,RWO,RWO1,RTDP,FW,FW1,FWCP,BP2,PLFR
7.88091670564885,48.9001256296024,31339,MUR,MUN99,MO99,LO,DU99,H,1.0,YAPP,RES,RES2,IRRE,IRP99,IRN,RSH2,RMT1,RWO,RWO1,RTDN,FN,FT99,FWC99,BP1,PLFR
7.88073607347103,48.8998006887796,31361,MUR,MUN99,MO99,LO,DU99,H,2.0,YAPP,RES,RES1,IRRE,IRP99,IRN,RSH4,RMT1,RWO,RWO1,RTDP,FW,FW1,FWCN,BP1,PLFR
7.87859375611988,48.9004473005033,31370,MUR,CLBRH,MOC,LO,DU99,H,1.0,YAPP,VAC,OCCDT99,IRRE,IRP99,IRN,RSH5,RMT1,RWO,RWO1,RTDN,FN,FT99,FWC99,BP1,PLFR
7.87802910664719,48.9005724820177,31416,MR,RW,MO99,LH,DU99,H,2.0,YAPP,COM,COM6,IRRE,IRP99,IRN,RSH4,RMT1,RWO,RWO1,RTDN,FW,FW1,FWCN,BP1,PLFR
7.875209,48.89995,31439,MUR,MUN99,MO99,LO,DU99,H,1.0,YAPP,AGR,OCCDT99,IRRE,IRP99,IRN,RSH2,RMT1,RWO,RWO1,RTDN,FN,FT99,FWC99,BP1,PLFR
7.87582739151819,48.9004377689943,31441,MR,RW,MO99,LH,DU99,H,1.0,YAPP,RES,OCCDT99,IRRE,IRP99,IRN,RSH2,RMT1,RWO,RWO1,RTDP,FN,FT99,FWC99,BP1,PLFR
7.87513610580205,48.9000005543231,31453,MUR,MUN99,MO99,LO,DU99,H,1.0,YAPP,VAC,OCCDT99,IRRE,IRP99,IRN,RSH5,RMT1,RWO,RWO1,RTDN,FN,FT99,FWC99,BPD,PLFR
7.87262747774264,48.8989817403333,31522,MUR,MUN99,MO99,LO,DU99,H,2.0,YAPP,RES,RES1,IRRE,IRP99,IRN,RSH2,RMT1,RWO,RWO1,RTDP,FW,FW1,FWC99,BPD,PLFR
7.87322537948953,48.9003406216214,31533,MUR,CLBRH,MOC,LO,DU99,H,2.0,YAPP,RES,RES1,IRRE,IRP99,IRN,RSH2,RMT1,RWO,RWO1,RTDP,FC,FC1,FWCN,BPD,PLFR
7.873412,48.9002355,31537,MUR,MUN99,MO99,LO,DU99,H,2.0,YAPP,RES,RES1,IRRE,IRP99,IRN,RSH2,RMT1,RWO,RWO1,RTDP,FC,FC1,FWCN,BPD,PLFR
7.87219268484849,48.899878070303,31545,CR,CIP,MOC,LFINF,DUC,H,1.0,YAPP,RES,RES1,IRRE,IRP99,IRN,RSH4,RMT1,RWO,RWO1,RTDP,FW,FW1,FWCN,BPD,PLFR
7.8713048758683,48.8996352578887,31574,MUR,MUN99,MO99,LO,DU99,H,2.0,YAPP,RES,RES1,IRRE,IRP99,IRN,RSH2,RMT1,RWO,RWO1,RTDP,FW,FW1,FWCN,BPD,PLFR
7.87453857126197,48.8993505748638,31586,MUR,MUN99,MO99,LO,DU99,H,1.0,YAPP,RES,RES1,IRRE,IRP99,IRN,RSH4,RMT1,RWO,RWO1,RTDP,FW,FW1,FWCN,BP1,PLFR
7.87502178578578,48.9005480700701,31596,MUR,MUN99,MO99,LO,DU99,H,1.0,YAPP,IND,OCCDT99,IRRE,IRP99,IRN,RSH2,RMT1,RWO,RWO1,RTDN,FN,FT99,FWC99,BPD,PLFR
7.8747875,48.901216,31617,MUR,MUN99,MO99,LO,DU99,H,1.0,YAPP,RES,OCCDT99,IRRE,IRP99,IRN,RSH2,RMT1,RWO,RWO1,RTDN,FN,FT99,FWC99,BPD,PLFR
7.87523522023227,48.9025008418993,31668,MAT99,MATT99,MO99,L99,DU99,H99,99.0,Y99,OC99,OCCDT99,IR99,IRP99,IRT99,R99,RMT99,RSM99,RST99,RCN99,F99,FT99,FWC99,BP99,PLF99
7.88041036815769,48.9154421369725,31783,MAT99,MATT99,MO99,L99,DU99,H99,99.0,Y99,OC99,OCCDT99,IR99,IRP99,IRT99,R99,RMT99,RSM99,RST99,RCN99,F99,FT99,FWC99,BP99,PLF99
7.88083969538181,48.9141994821959,31799,MR,RW,MO99,LH,DU99,H,3.0,YAPP,RES,RES1,IRRE,IRP99,IRN,RSH2,RMT1,RWO,RWO1,RTDP,FW,FW1,FWCN,BP1,PLFR
7.88217845826812,48.9145718113604,31817,MUR,MUN99,MO99,LO,DU99,H,2.0,YAPP,RES,RES1,IRRE,IRP99,IRN,RSH2,RMT1,RWO,RWO1,RTDP,FC,FC1,FWCN,BPD,PLFR
7.88188385573759,48.9147962151823,31819,MUR,MUN99,MO99,LO,DU99,H,1.0,YAPP,AGR,OCCDT99,IRRE,IRP99,IRN,RSH2,RMT1,RWO,RWO1,RTDN,FN,FT99,FWC99,BPD,PLFR
7.8809150311538,48.9139447615284,31856,MR,RW,MO99,LH,DU99,H,1.0,YAPP,RES,RES1,IRRE,IRP99,IRN,RSH2,RMT1,RWO,RWO1,RTD99,FN,FT99,FWC99,BPD,PLFR
7.8818296104818,48.9139201841112,31861,MUR,MUN99,MO99,LO,DU99,H,2.0,YAPP,RES,RES1,IRRE,IRP99,IRN,RSH2,RMT1,RWO,RWO1,RTDP,FW,FW1,FWCN,BP99,PLF99
7.88199963351556,48.9138824952728,31869,MUR,MUN99,MO99,LO,DU99,H,2.0,YAPP,RES,RES1,IRRE,IRP99,IRN,RSH3,RMT1,RWO,RWO1,RTDP,FW,FW1,FWCN,BPD,PLFR
7.88226262396961,48.9131336158784,31872,MUR,MUN99,MO99,LO,DU99,H,2.0,YAPP,RES,RES1,IRRE,IRP99,IRN,RSH4,RMT1,RWO,RWO1,RTDN,FW,FW1,FWCN,BPD,PLFR
7.8779941795893,48.9130171457714,31893,MUR,MUN99,MO99,LO,DU99,H,2.0,YAPP,RES,RES1,IRRE,IRP99,IRN,RSH4,RMT1,RWO,RWO1,RTDP,FW,FW1,FWCN,BPD,PLFR
7.8800077954696,48.9129150756014,31909,MUR,MUN99,MO99,LO,DU99,H,2.0,YAPP,RES,RES1,IRRE,IRP99,IRN,RSH2,RMT1,RWO,RWO1,RTDP,FW,FW1,FWCN,BPD,PLFR
7.88261543259482,48.9130626468206,31922,MUR,CLBRH,MOC,LO,DU99,H,1.0,YAPP,RES,OCCDT99,IRRE,IRP99,IRN,RSH2,RMT1,RWO,RWO1,RTDN,FN,FT99,FWC99,BPD,PLFR
7.88344237589852,48.9127334186575,31943,MR,RW,MO99,LH,DU99,H,1.0,YAPP,RES,OCCDT99,IRRE,IRP99,IRN,RSH2,RMT1,RWO,RWO1,RTDN,FN,FT99,FWC99,BP1,PLFR
7.88326280526475,48.912766690071,31945,MR,RW,MO99,LH,DU99,H,2.0,YAPP,RES,OCCDT99,IRRE,IRP99,IRN,RSH2,RMT1,RWO,RWO1,RTDN,FW,FW1,FWCN,BP1,PLFR
7.88380933055266,48.912695216545,31946,MUR,MUN99,MO99,LO,DU99,H,1.0,YAPP,VAC,OCCDT99,IRRE,IRP99,IRN,RSH2,RMT1,RWO,RWO1,RTDN,FN,FT99,FWC99,BPD,PLFR
7.88384441907793,48.9128438419373,31947,MR,RW,MO99,LH,DU99,H,2.0,YAPP,RES,RES1,IRRE,IRP99,IRN,RSH2,RMT1,RWO,RWO1,RTDP,FW,FW1,FWCN,BPD,PLFR
7.88523338195809,48.9140838457806,31982,MAT99,MATT99,MO99,L99,DU99,H99,99.0,Y99,OC99,OCCDT99,IR99,IRP99,IRT99,R99,RMT99,RSM99,RST99,RCN99,F99,FT99,FWC99,BP99,PLF99
7.94994685750739,48.9006755942788,32105,MUR,MUN99,MO99,LO,DU99,H,1.0,YAPP,RES,RES2,IRRE,IRP99,IRN,RSH2,RMT1,RWO,RWO1,RCN99,FN,FT99,FWC99,BP1,PLFR
7.94985947300617,48.901562533585,32129,MUR,MUN99,MO99,LO,DU99,H,1.0,YAPP,RES,OCCDT99,IRRE,IRP99,IRN,RSH2,RMT1,RWO,RWO1,RTD99,FN,FT99,FWC99,BP3,PLFR
7.95001037457418,48.9020597903253,32150,MUR,MUN99,MO99,LO,DU99,H,1.0,YAPP,RES,OCCDT99,IRRE,IRP99,IRN,RSH2,RMT1,RWO,RWO1,RTDP,FN,FT99,FWCN,BP2,PLFR
7.94912948720337,48.903897599064,32199,MUR,MUN99,MO99,LO,DU99,H,3.0,YAPP,RES,RES2,IRRE,IRP99,IRN,RSH2,RMT1,RWO,RWO1,RTDP,FC,FC1,FWC99,BP1,PLFR
7.94844735020825,48.9041783918926,32213,MR,RW,MO99,LH,DU99,H,2.0,YAPP,RES,RES1,IRRE,IRP99,IRN,RSH2,RMT1,RWO,RWO1,RTDP,FW,FW1,FWCN,BP1,PLFR
7.94743368945022,48.9042999222387,32230,MUR,CBH,MOC,LO,DU99,H,1.0,YAPP,RES,OCCDT99,IRRE,IRP99,IRN,RSH2,RMT1,RWO,RWO1,RTDN,FN,FT99,FWC99,BP1,PLFR
7.94788660165238,48.9040741285615,32231,MUR,MUN99,MO99,LO,DU99,H,1.0,YAPP,RES,COM7,IRRE,IRP99,IRN,RSH2,RMT99,RWO,RWO1,RTDN,FN,FT99,FWC99,BPD,PLFR
7.94793073343897,48.9044067030979,32232,MR,RW,MO99,LH,DU99,H,2.0,YAPP,RES,RES1,IRRE,IRP99,IRN,RSH2,RMT1,RWO,RWO1,RTDP,FW,FW1,FWCN,BP1,PLFR
7.94759477820805,48.9043091198178,32237,MUR,MUN99,MO99,LO,DU99,H,2.0,YAPP,RES,RES2,IRRE,IRP99,IRN,RSH2,RMT1,RWO,RWO1,RTDP,FW,FW1,FWCN,BP1,PLFR
7.94816436800382,48.9043083770374,32238,MR,RW,MO99,LH,DU99,H,3.0,YAPP,RES,RES1,IRRE,IRP99,IRN,RSH2,RMT1,RWO,RWO1,RTDP,FW,FW1,FWCN,BP1,PLFR
7.95039053717659,48.9051155042075,32362,MUR,MUN99,MO99,LO,DU99,H,2.0,YAPP,RES,OCCDT99,IRRE,IRP99,IRN,RSH2,RMT1,RWO,RWO1,RTDN,FW,FW1,FWCN,BPD,PLFR
7.94980651635744,48.9052897221475,32369,MUR,MUN99,MO99,LO,DU99,H,1.0,YAPP,RES,RES1,IRRE,IRP99,IRN,RSH2,RMT1,RWO,RWO1,RTDN,FN,FT99,FWC99,BP2,PLFR
7.9502874512167,48.9055879549183,32393,MAT99,MATT99,MO99,L99,DU99,H99,99.0,Y99,OC99,OCCDT99,IR99,IRP99,IRT99,R99,RMT99,RSM99,RST99,RCN99,F99,FT99,FWC99,BP99,PLF99
7.95077018134392,48.9054385276026,32394,MAT99,MATT99,MO99,L99,DU99,H99,99.0,Y99,OC99,OCCDT99,IR99,IRP99,IRT99,R99,RMT99,RSM99,RST99,RCN99,F99,FT99,FWC99,BP99,PLF99
7.90167519425003,48.8939932289438,32424,MAT99,MATT99,MO99,L99,DU99,H99,99.0,Y99,OC99,OCCDT99,IR99,IRP99,IRT99,R99,RMT99,RSM99,RST99,RCN99,F99,FT99,FWC99,BP99,PLF99
7.93611259089459,48.9571639139104,32437,MUR,CLBRH,MOC,LO,DU99,H,2.0,YAPP,RES,RES1,IRRE,IRP99,IRN,RSH2,RMT1,RSM99,RWO1,RTDP,FC,FC1,FWCN,BP1,PLFR
7.90248617810557,48.8934114923896,32461,MAT99,MATT99,MO99,L99,DU99,H99,99.0,Y99,OC99,OCCDT99,IR99,IRP99,IRT99,R99,RMT99,RSM99,RST99,RCN99,F99,FT99,FWC99,BP99,PLF99
